word	pos	rank	level
the	det	1	A1
be	verb	2	A1
to	prep	3	A1
and	conj	4	A1
of	prep	5	A1
a	det	6	A1
in	prep	7	A1
i	pron	8	A1
that	det	9	A1
for	prep	10	A1
have	verb	11	A1
you	pron	12	A1
it	pron	13	A1
on	prep	14	A1
with	prep	15	A1
this	det	16	A1
as	conj	17	A1
at	prep	18	A1
he	pron	19	A1
not	adv	20	A1
do	verb	21	A1
by	prep	22	A1
but	conj	23	A1
from	prep	24	A1
my	det	25	A1
or	conj	26	A1
we	pron	27	A1
your	det	28	A1
an	det	29	A1
so	conj	30	A1
all	det	31	A1
get	verb	32	A1
his	det	33	A1
they	pron	34	A1
one	det	35	A1
me	pron	36	A1
if	conj	37	A1
can	verb	38	A1
will	verb	39	A1
just	adv	40	A1
like	prep	41	A1
make	verb	42	A1
good	adj	43	A1
about	prep	44	A1
up	prep	45	A1
go	verb	46	A1
out	prep	47	A1
what	det	48	A1
when	adv	49	A1
say	verb	50	A1
time	noun	51	A1
more	adv	52	A1
no	det	53	A1
who	pron	54	A1
their	det	55	A1
there	adv	56	A1
her	det	57	A1
which	det	58	A1
see	verb	59	A1
would	verb	60	A1
know	verb	61	A1
year	noun	62	A1
she	pron	63	A1
new	adj	64	A1
people	noun	65	A1
take	verb	66	A1
how	adv	67	A1
other	det	68	A1
use	verb	69	A1
some	det	70	A1
also	adv	71	A1
them	pron	72	A1
want	verb	73	A1
work	verb	74	A1
now	adv	75	A1
come	verb	76	A1
its	det	77	A1
our	det	78	A1
look	verb	79	A1
than	prep	80	A1
need	verb	81	A1
only	adv	82	A1
day	noun	83	A1
first	det	84	A1
after	prep	85	A1
him	pron	86	A1
into	prep	87	A1
think	verb	88	A1
two	det	89	A1
over	prep	90	A1
give	verb	91	A1
any	det	92	A1
then	adv	93	A1
could	verb	94	A1
way	noun	95	A1
back	adv	96	A1
these	det	97	A1
us	pron	98	A1
find	verb	99	A1
well	adv	100	A1
thing	noun	101	A1
because	conj	102	A1
right	adj	103	A1
state	noun	104	A1
most	adv	105	A1
much	det	106	A1
very	adv	107	A1
where	adv	108	A1
man	noun	109	A1
even	adv	110	A1
should	verb	111	A1
may	verb	112	A1
here	adv	113	A1
really	adv	114	A1
being	noun	115	A1
great	adj	116	A1
too	adv	117	A1
call	verb	118	A1
show	verb	119	A1
off	prep	120	A1
before	prep	121	A1
why	adv	122	A1
love	verb	123	A1
still	adv	124	A1
tell	verb	125	A1
game	noun	126	A1
many	det	127	A1
never	adv	128	A1
long	adj	129	A1
those	det	130	A1
start	verb	131	A1
world	noun	132	A1
high	adj	133	A1
try	verb	134	A1
life	noun	135	A1
down	prep	136	A1
last	det	137	A1
help	verb	138	A1
through	prep	139	A1
part	noun	140	A1
while	conj	141	A1
place	noun	142	A1
home	noun	143	A1
such	det	144	A1
include	verb	145	A1
keep	verb	146	A1
old	adj	147	A1
change	verb	148	A1
something	pron	149	A1
play	verb	150	A1
school	noun	151	A1
same	adj	152	A1
own	adj	153	A1
run	verb	154	A1
end	noun	155	A1
both	det	156	A1
every	det	157	A1
late	adj	158	A1
three	det	159	A1
woman	noun	160	A1
around	prep	161	A1
between	prep	162	A1
name	noun	163	A1
less	adv	164	A1
always	adv	165	A1
house	noun	166	A1
team	noun	167	A1
put	verb	168	A1
little	det	169	A1
since	prep	170	A1
point	noun	171	A1
live	verb	172	A1
big	adj	173	A1
another	det	174	A1
company	noun	175	A1
feel	verb	176	A1
family	noun	177	A1
talk	verb	178	A1
ask	verb	179	A1
under	prep	180	A1
during	prep	181	A1
become	verb	182	A1
number	noun	183	A1
week	noun	184	A1
service	noun	185	A1
guy	noun	186	A1
group	noun	187	A1
friend	noun	188	A1
again	adv	189	A1
next	det	190	A1
second	det	191	A1
child	noun	192	A1
please	interj	193	A1
each	det	194	A1
without	prep	195	A1
lot	noun	196	A1
system	noun	197	A1
against	prep	198	A1
must	verb	199	A1
city	noun	200	A1
move	verb	201	A1
sure	adj	202	A1
happen	verb	203	A1
case	noun	204	A1
let	verb	205	A1
support	verb	206	A1
pay	verb	207	A1
ever	adv	208	A1
might	verb	209	A1
base	noun	210	A1
hold	verb	211	A1
lose	verb	212	A1
thought	noun	213	A1
stop	verb	214	A1
turn	verb	215	A1
free	adj	216	A1
set	verb	217	A1
money	noun	218	A1
night	noun	219	A1
country	noun	220	A1
hand	noun	221	A1
lead	verb	222	A1
post	noun	223	A1
area	noun	224	A1
someone	pron	225	A1
order	noun	226	A1
mean	verb	227	A1
plan	noun	228	A1
bad	adj	229	A1
report	verb	230	A1
bring	verb	231	A1
book	noun	232	A1
believe	verb	233	A1
few	det	234	A1
care	verb	235	A1
away	adv	236	A1
left	adj	237	A1
job	noun	238	A1
line	noun	239	A1
business	noun	240	A1
until	prep	241	A1
problem	noun	242	A1
head	noun	243	A1
hour	noun	244	A1
month	noun	245	A1
power	noun	246	A1
government	noun	247	A1
open	verb	248	A1
small	adj	249	A1
real	adj	250	A1
god	noun	251	A1
top	noun	252	A1
win	verb	253	A1
large	adj	254	A1
party	noun	255	A1
different	adj	256	A1
hard	adj	257	A1
watch	verb	258	A1
girl	noun	259	A1
question	noun	260	A1
issue	noun	261	A1
face	noun	262	A1
interest	noun	263	A1
person	noun	264	A1
however	adv	265	A1
side	noun	266	A1
early	adj	267	A1
cause	verb	268	A1
leave	verb	269	A1
member	noun	270	A1
result	noun	271	A1
story	noun	272	A1
public	adj	273	A1
hope	verb	274	A1
law	noun	275	A1
water	noun	276	A1
word	noun	277	A1
read	verb	278	A1
write	verb	279	A1
seem	verb	280	A1
hear	verb	281	A1
wait	verb	282	A1
provide	verb	283	A1
car	noun	284	A1
today	noun	285	A1
full	adj	286	A1
level	noun	287	A1
nothing	pron	288	A1
already	adv	289	A1
anything	pron	290	A1
player	noun	291	A1
miss	verb	292	A1
understand	verb	293	A1
die	verb	294	A1
force	noun	295	A1
enough	det	296	A1
everything	pron	297	A1
yet	conj	298	A1
four	det	299	A1
season	noun	300	A1
once	conj	301	A1
add	verb	302	A1
white	adj	303	A1
study	noun	304	A1
close	verb	305	A1
meet	verb	306	A1
national	adj	307	A1
music	noun	308	A1
video	noun	309	A1
control	noun	310	A1
young	adj	311	A1
war	noun	312	A1
send	verb	313	A1
wrong	adj	314	A1
far	adv	315	A1
form	noun	316	A1
fall	verb	317	A1
kind	noun	318	A1
though	conj	319	A1
yes	interj	320	A1
follow	verb	321	A1
learn	verb	322	A1
break	verb	323	A1
kill	verb	324	A1
thank	verb	325	A1
fact	noun	326	A1
actually	adv	327	A1
hit	verb	328	A1
minute	noun	329	A1
light	noun	330	A1
unite	verb	331	A1
reason	noun	332	A1
black	adj	333	A1
course	noun	334	A1
kid	noun	335	A1
deal	verb	336	A1
continue	verb	337	A1
body	noun	338	A1
stay	verb	339	A1
mind	noun	340	A1
general	adj	341	A1
term	noun	342	A1
fight	verb	343	A1
train	verb	344	A1
buy	verb	345	A1
idea	noun	346	A1
allow	verb	347	A1
matter	noun	348	A1
everyone	pron	349	A1
president	noun	350	A1
share	verb	351	A1
return	verb	352	A1
drive	verb	353	A1
class	noun	354	A1
following	adj	355	A1
together	adv	356	A1
whole	adj	357	A1
stand	verb	358	A1
court	noun	359	A1
record	noun	360	A1
single	adj	361	A1
check	verb	362	A1
death	noun	363	A1
create	verb	364	A1
speak	verb	365	A1
five	det	366	A1
student	noun	367	A1
per	prep	368	A1
maybe	adv	369	A1
room	noun	370	A1
office	noun	371	A1
local	adj	372	A1
test	verb	373	A1
remember	verb	374	A1
increase	verb	375	A1
eye	noun	376	A1
age	noun	377	A1
food	noun	378	A1
fire	noun	379	A1
health	noun	380	A1
important	adj	381	A1
news	noun	382	A1
within	prep	383	A1
experience	noun	384	A1
consider	verb	385	A1
event	noun	386	A1
design	noun	387	A1
date	noun	388	A1
community	noun	389	A1
release	verb	390	A1
receive	verb	391	A1
able	adj	392	A1
information	noun	393	A1
oh	interj	394	A1
thanks	interj	395	A1
university	noun	396	A1
sign	noun	397	A1
type	noun	398	A1
pass	verb	399	A1
sell	verb	400	A1
program	noun	401	A1
cost	noun	402	A1
human	adj	403	A1
list	noun	404	A1
ago	adv	405	A1
social	adj	406	A1
act	noun	407	A1
easy	adj	408	A1
walk	verb	409	A1
spend	verb	410	A1
million	det	411	A1
half	det	412	A1
often	adv	413	A1
vote	verb	414	A1
sound	noun	415	A1
boy	noun	416	A1
price	noun	417	A1
research	noun	418	A1
view	noun	419	A1
true	adj	420	A1
begin	verb	421	A1
south	noun	422	A1
song	noun	423	A1
history	noun	424	A1
eat	verb	425	A1
bit	noun	426	A1
process	noun	427	A1
air	noun	428	A1
cover	verb	429	A1
short	adj	430	A1
almost	adv	431	A1
several	det	432	A1
present	verb	433	A1
art	noun	434	A1
star	noun	435	A1
project	noun	436	A1
building	noun	437	A1
pretty	adv	438	A1
action	noun	439	A1
low	adj	440	A1
nice	adj	441	A1
medium	adj	442	A1
market	noun	443	A1
along	prep	444	A1
anyone	pron	445	A1
else	adv	446	A1
offer	verb	447	A1
happy	adj	448	A1
note	verb	449	A1
heart	noun	450	A1
street	noun	451	A1
build	verb	452	A1
save	verb	453	A1
probably	adv	454	A1
rate	noun	455	A1
international	adj	456	A1
phone	noun	457	A1
film	noun	458	A1
past	noun	459	A1
possible	adj	460	A1
example	noun	461	A1
expect	verb	462	A1
soon	adv	463	A1
claim	verb	464	A1
due	adj	465	A1
require	verb	466	A1
picture	noun	467	A1
series	noun	468	A1
attack	verb	469	A1
special	adj	470	A1
account	noun	471	A1
son	noun	472	A1
rule	noun	473	A1
appear	verb	474	A1
site	noun	475	A1
development	noun	476	A1
future	noun	477	A1
answer	verb	478	A1
data	noun	479	A1
north	noun	480	A1
final	adj	481	A1
morning	noun	482	A1
police	noun	483	A1
field	noun	484	A1
pick	verb	485	A1
red	adj	486	A1
third	det	487	A1
position	noun	488	A1
source	noun	489	A1
moment	noun	490	A1
strong	adj	491	A1
chance	noun	492	A1
near	prep	493	A1
step	noun	494	A1
either	det	495	A1
decide	verb	496	A1
baby	noun	497	A1
road	noun	498	A1
charge	verb	499	A1
rather	adv	500	A1
whether	conj	501	A1
feature	noun	502	A1
shot	noun	503	A1
land	noun	504	A1
parent	noun	505	A1
major	adj	506	A1
board	noun	507	A1
movie	noun	508	A1
further	adv	509	A1
character	noun	510	A1
among	prep	511	A1
myself	pron	512	A1
yourself	pron	513	A1
college	noun	514	A1
goal	noun	515	A1
clear	adj	516	A1
wear	verb	517	A1
park	noun	518	A1
model	noun	519	A1
reach	verb	520	A1
value	noun	521	A1
figure	noun	522	A1
cut	verb	523	A1
fast	adj	524	A1
complete	adj	525	A1
although	conj	526	A1
fun	noun	527	A1
policy	noun	528	A1
develop	verb	529	A1
product	noun	530	A1
town	noun	531	A1
fine	adj	532	A1
involve	verb	533	A1
march	verb	534	A1
enjoy	verb	535	A1
match	verb	536	A1
front	noun	537	A1
finish	verb	538	A1
six	det	539	A1
review	verb	540	A1
behind	prep	541	A1
political	adj	542	A1
quite	adv	543	A1
west	noun	544	A1
father	noun	545	A1
mother	noun	546	A1
bank	noun	547	A1
carry	verb	548	A1
drop	verb	549	A1
join	verb	550	A1
link	verb	551	A1
forget	verb	552	A1
wish	verb	553	A1
fan	noun	554	A1
center	noun	555	A1
club	noun	556	A1
space	noun	557	A1
current	adj	558	A1
available	adj	559	A1
education	noun	560	A1
former	adj	561	A1
ready	adj	562	A1
sometimes	adv	563	A1
grow	verb	564	A1
relationship	noun	565	A1
visit	verb	566	A1
tax	noun	567	A1
lie	verb	568	A1
feeling	noun	569	A1
couple	noun	570	A1
official	adj	571	A1
rest	noun	572	A1
dog	noun	573	A1
department	noun	574	A1
effect	noun	575	A1
mark	noun	576	A1
period	noun	577	A1
choose	verb	578	A1
agree	verb	579	A1
officer	noun	580	A1
industry	noun	581	A1
brother	noun	582	A1
listen	verb	583	A1
self	noun	584	A1
race	noun	585	A1
describe	verb	586	A1
bill	noun	587	A1
produce	verb	588	A1
catch	verb	589	A1
across	prep	590	A1
himself	pron	591	A1
outside	prep	592	A1
main	adj	593	A1
focus	noun	594	A1
security	noun	595	A1
decision	noun	596	A1
summer	noun	597	A1
ground	noun	598	A1
page	noun	599	A1
article	noun	600	A1
foot	noun	601	A1
instead	adv	602	A1
king	noun	603	A1
property	noun	604	A1
energy	noun	605	A1
press	noun	606	A1
condition	noun	607	A1
common	adj	608	A1
county	noun	609	A1
role	noun	610	A1
round	adj	611	A1
total	adj	612	A1
meeting	noun	613	A1
size	noun	614	A1
wife	noun	615	A1
sense	noun	616	A1
director	noun	617	A1
sleep	verb	618	A1
sex	noun	619	A1
comment	noun	620	A1
card	noun	621	A1
standard	noun	622	A1
practice	noun	623	A1
drink	verb	624	A1
store	noun	625	A1
relate	verb	626	A1
beautiful	adj	627	A1
election	noun	628	A1
hate	verb	629	A1
amount	noun	630	A1
individual	noun	631	A1
ship	noun	632	A1
title	noun	633	A1
performance	noun	634	A1
stage	noun	635	A1
range	noun	636	A1
raise	verb	637	A1
guess	verb	638	A1
church	noun	639	A1
piece	noun	640	A1
cool	adj	641	A1
trust	verb	642	A1
especially	adv	643	A1
similar	adj	644	A1
perfect	adj	645	A1
average	adj	646	A1
concern	verb	647	A1
photo	noun	648	A1
style	noun	649	A1
score	noun	650	A1
arm	noun	651	A1
society	noun	652	A1
serve	verb	653	A1
explain	verb	654	A1
exist	verb	655	A1
track	noun	656	A1
throw	verb	657	A1
above	adv	658	A1
likely	adj	659	A1
military	adj	660	A1
personal	adj	661	A1
tv	noun	662	A1
paper	noun	663	A1
operation	noun	664	A1
key	noun	665	A1
publish	verb	666	A1
trade	noun	667	A1
science	noun	668	A1
inside	prep	669	A1
private	adj	670	A1
sport	noun	671	A1
door	noun	672	A1
dead	adj	673	A1
online	adj	674	A1
wall	noun	675	A1
activity	noun	676	A1
leader	noun	677	A1
enter	verb	678	A1
hot	adj	679	A1
suggest	verb	680	A1
situation	noun	681	A1
language	noun	682	A1
award	noun	683	A1
remain	verb	684	A1
stuff	noun	685	A1
middle	noun	686	A1
sorry	interj	687	A1
travel	verb	688	A1
material	noun	689	A1
gold	noun	690	A1
choice	noun	691	A1
box	noun	692	A1
unit	noun	693	A1
original	adj	694	A1
finally	adv	695	A1
voice	noun	696	A1
attempt	verb	697	A1
shop	noun	698	A1
production	noun	699	A1
plant	noun	700	A1
apply	verb	701	A1
loss	noun	702	A1
pull	verb	703	A1
worth	adj	704	A1
reading	noun	705	A1
fail	verb	706	A1
wonder	verb	707	A1
alone	adv	708	A1
certain	adj	709	A1
east	noun	710	A1
medical	adj	711	A1
themselves	pron	712	A1
lower	verb	713	A1
technology	noun	714	A1
green	adj	715	A1
benefit	noun	716	A1
ball	noun	717	A1
image	noun	718	A1
league	noun	719	A1
network	noun	720	A1
effort	noun	721	A1
message	noun	722	A1
evidence	noun	723	A1
cup	noun	724	A1
exactly	adv	725	A1
usually	adv	726	A1
protect	verb	727	A1
fly	verb	728	A1
chief	adj	729	A1
fund	noun	730	A1
risk	verb	731	A1
quality	noun	732	A1
accept	verb	733	A1
patient	noun	734	A1
draw	verb	735	A1
version	noun	736	A1
marry	verb	737	A1
rock	noun	738	A1
seven	det	739	A1
worry	verb	740	A1
gun	noun	741	A1
mention	verb	742	A1
perform	verb	743	A1
code	noun	744	A1
station	noun	745	A1
mom	noun	746	A1
nation	noun	747	A1
mile	noun	748	A1
website	noun	749	A1
hospital	noun	750	A1
sit	verb	751	A1
deep	adj	752	A1
whatever	pron	753	A1
lord	noun	754	A1
challenge	verb	755	A1
treat	verb	756	A1
union	noun	757	A1
dream	noun	758	A1
daughter	noun	759	A1
remove	verb	760	A1
letter	noun	761	A1
block	noun	762	A1
judge	verb	763	A1
forward	adv	764	A1
difference	noun	765	A1
beat	verb	766	A1
blue	adj	767	A1
federal	adj	768	A1
management	noun	769	A1
drug	noun	770	A1
contain	verb	771	A1
notice	verb	772	A1
oil	noun	773	A1
limited	adj	774	A1
safe	adj	775	A1
island	noun	776	A1
region	noun	777	A1
animal	noun	778	A1
direct	verb	779	A1
lady	noun	780	A1
coach	noun	781	A1
table	noun	782	A1
bed	noun	783	A1
text	noun	784	A1
approach	verb	785	A1
respect	noun	786	A1
central	adj	787	A1
hey	interj	788	A1
upon	prep	789	A1
various	adj	790	A1
minister	noun	791	A1
improve	verb	792	A1
simple	adj	793	A1
scene	noun	794	A1
clean	verb	795	A1
surprise	noun	796	A1
teacher	noun	797	A1
search	verb	798	A1
compare	verb	799	A1
cell	noun	800	A1
district	noun	801	A1
organization	noun	802	A1
opportunity	noun	803	A1
poor	adj	804	A1
reduce	verb	805	A1
stick	noun	806	A1
attention	noun	807	A1
professional	adj	808	A1
career	noun	809	A1
color	noun	810	A1
blood	noun	811	A1
council	noun	812	A1
football	noun	813	A1
natural	adj	814	A1
gain	verb	815	A1
dance	verb	816	A1
staff	noun	817	A1
touch	verb	818	A1
mine	pron	819	A1
river	noun	820	A1
hell	noun	821	A1
sort	noun	822	A1
writing	noun	823	A1
credit	noun	824	A1
response	noun	825	A1
push	verb	826	A1
hair	noun	827	A1
manage	verb	828	A1
amazing	adj	829	A1
economic	adj	830	A1
itself	pron	831	A1
serious	adj	832	A1
statement	noun	833	A1
century	noun	834	A1
damage	noun	835	A1
announce	verb	836	A1
ride	verb	837	A1
contact	noun	838	A1
represent	verb	839	A1
culture	noun	840	A1
address	noun	841	A1
contract	noun	842	A1
establish	verb	843	A1
female	adj	844	A1
operate	verb	845	A1
author	noun	846	A1
sea	noun	847	A1
subject	noun	848	A1
bar	noun	849	A1
seek	verb	850	A1
born	adj	851	A1
entire	adj	852	A1
perhaps	adv	853	A1
access	noun	854	A1
section	noun	855	A1
campaign	noun	856	A1
manager	noun	857	A1
army	noun	858	A1
detail	noun	859	A1
defense	noun	860	A1
cross	noun	861	A1
fit	verb	862	A1
dark	adj	863	A1
prove	verb	864	A1
tour	noun	865	A1
degree	noun	866	A1
demand	verb	867	A1
realize	verb	868	A1
measure	verb	869	A1
crazy	adj	870	A1
success	noun	871	A1
episode	noun	872	A1
currently	adv	873	A1
financial	adj	874	A1
foreign	adj	875	A1
legal	adj	876	A1
simply	adv	877	A1
super	adj	878	A1
album	noun	879	A1
ten	det	880	A1
hurt	verb	881	A1
tree	noun	882	A1
roll	verb	883	A1
suppose	verb	884	A1
daily	adv	885	A1
double	adj	886	A1
speed	noun	887	A1
population	noun	888	A1
supply	verb	889	A1
weight	noun	890	A1
difficult	adj	891	A1
modern	adj	892	A1
popular	adj	893	A1
whose	det	894	A1
associate	verb	895	A1
truth	noun	896	A1
spot	noun	897	A1
rise	verb	898	A1
fear	noun	899	A1
prepare	verb	900	A1
welcome	verb	901	A1
count	verb	902	A1
application	noun	903	A1
content	noun	904	A1
sister	noun	905	A1
worker	noun	906	A1
file	noun	907	A1
earth	noun	908	A1
laugh	verb	909	A1
movement	noun	910	A1
window	noun	911	A1
advance	verb	912	A1
pressure	noun	913	A1
doctor	noun	914	A1
pain	noun	915	A1
huge	adj	916	A1
internet	noun	917	A1
sir	noun	918	A1
towards	prep	919	A1
computer	noun	920	A1
treatment	noun	921	A1
option	noun	922	A1
master	noun	923	A1
seat	noun	924	A1
conference	noun	925	A1
arrive	verb	926	A1
promise	verb	927	A1
association	noun	928	A1
opinion	noun	929	A1
owner	noun	930	A1
below	adv	931	A1
brown	adj	932	A1
user	noun	933	A1
target	noun	934	A1
funny	adj	935	A1
partner	noun	936	A1
method	noun	937	A1
committee	noun	938	A1
cold	adj	939	A1
specific	adj	940	A1
wide	adj	941	A1
fix	verb	942	A1
machine	noun	943	A1
artist	noun	944	A1
murder	noun	945	A1
update	verb	946	A1
percent	noun	947	A1
recent	adj	948	A1
straight	adj	949	A1
bear	verb	950	A1
interview	verb	951	A1
shall	verb	952	A1
lack	noun	953	A1
launch	verb	954	A1
refer	verb	955	A1
battle	noun	956	A1
strike	verb	957	A1
agency	noun	958	A1
affect	verb	959	A1
gas	noun	960	A1
addition	noun	961	A1
purpose	noun	962	A1
host	noun	963	A1
band	noun	964	A1
growth	noun	965	A1
ability	noun	966	A1
collection	noun	967	A1
authority	noun	968	A1
tonight	adv	969	A1
structure	noun	970	A1
stock	noun	971	A1
quick	adj	972	A1
grant	verb	973	A1
capital	noun	974	A1
husband	noun	975	A1
resource	noun	976	A1
hotel	noun	977	A1
except	prep	978	A1
spring	noun	979	A1
purchase	verb	980	A1
regard	verb	981	A1
radio	noun	982	A1
centre	noun	983	A1
eight	det	984	A1
peace	noun	985	A1
recently	adv	986	A1
tomorrow	noun	987	A1
via	prep	988	A1
crime	noun	989	A1
beginning	noun	990	A1
request	verb	991	A1
favorite	noun	992	A1
disease	noun	993	A1
secret	adj	994	A1
potential	adj	995	A1
teach	verb	996	A1
function	noun	997	A1
western	adj	998	A1
ice	noun	999	A1
reveal	verb	1000	A1
kick	verb	1001	A2
fair	adj	1002	A2
thousand	det	1003	A2
trip	noun	1004	A2
ahead	adv	1005	A2
normal	adj	1006	A2
direction	noun	1007	A2
adult	noun	1008	A2
suffer	verb	1009	A2
determine	verb	1010	A2
particular	adj	1011	A2
brand	noun	1012	A2
location	noun	1013	A2
impact	noun	1014	A2
customer	noun	1015	A2
floor	noun	1016	A2
solution	noun	1017	A2
avoid	verb	1018	A2
imagine	verb	1019	A2
heavy	adj	1020	A2
hide	verb	1021	A2
positive	adj	1022	A2
agent	noun	1023	A2
certainly	adv	1024	A2
completely	adv	1025	A2
despite	prep	1026	A2
hi	interj	1027	A2
nearly	adv	1028	A2
previous	adj	1029	A2
quickly	adv	1030	A2
extra	adj	1031	A2
discuss	verb	1032	A2
vehicle	noun	1033	A2
cry	verb	1034	A2
dollar	noun	1035	A2
commission	noun	1036	A2
lay	verb	1037	A2
fill	verb	1038	A2
brain	noun	1039	A2
skill	noun	1040	A2
occur	verb	1041	A2
justice	noun	1042	A2
mix	verb	1043	A2
income	noun	1044	A2
sale	noun	1045	A2
throughout	prep	1046	A2
nature	noun	1047	A2
item	noun	1048	A2
sun	noun	1049	A2
channel	noun	1050	A2
ring	verb	1051	A2
copy	noun	1052	A2
deliver	verb	1053	A2
introduce	verb	1054	A2
pop	verb	1055	A2
weekend	noun	1056	A2
employee	noun	1057	A2
memory	noun	1058	A2
separate	verb	1059	A2
camera	noun	1060	A2
leg	noun	1061	A2
maintain	verb	1062	A2
absolutely	adv	1063	A2
additional	adj	1064	A2
beyond	prep	1065	A2
immediately	adv	1066	A2
significant	adj	1067	A2
unless	prep	1068	A2
construction	noun	1069	A2
identify	verb	1070	A2
waste	noun	1071	A2
rich	adj	1072	A2
blow	verb	1073	A2
dress	noun	1074	A2
trial	noun	1075	A2
hill	noun	1076	A2
prevent	verb	1077	A2
express	verb	1078	A2
finding	noun	1079	A2
slow	adj	1080	A2
male	adj	1081	A2
dad	noun	1082	A2
safety	noun	1083	A2
doubt	noun	1084	A2
connect	verb	1085	A2
gift	noun	1086	A2
glass	noun	1087	A2
driver	noun	1088	A2
theory	noun	1089	A2
beach	noun	1090	A2
factor	noun	1091	A2
secretary	noun	1092	A2
opening	noun	1093	A2
hundred	det	1094	A2
replace	verb	1095	A2
wind	noun	1096	A2
engine	noun	1097	A2
shape	noun	1098	A2
regular	adj	1099	A2
transfer	verb	1100	A2
definitely	adv	1101	A2
knowledge	noun	1102	A2
particularly	adv	1103	A2
wow	interj	1104	A2
bag	noun	1105	A2
jump	verb	1106	A2
skin	noun	1107	A2
weapon	noun	1108	A2
print	verb	1109	A2
wood	noun	1110	A2
destroy	verb	1111	A2
senior	adj	1112	A2
cent	noun	1113	A2
influence	noun	1114	A2
discover	verb	1115	A2
cook	verb	1116	A2
wake	verb	1117	A2
sweet	adj	1118	A2
winner	noun	1119	A2
mission	noun	1120	A2
steal	verb	1121	A2
commercial	adj	1122	A2
marriage	noun	1123	A2
generally	adv	1124	A2
global	adj	1125	A2
nobody	pron	1126	A2
cat	noun	1127	A2
cancer	noun	1128	A2
tie	verb	1129	A2
agreement	noun	1130	A2
camp	noun	1131	A2
depend	verb	1132	A2
flight	noun	1133	A2
stupid	adj	1134	A2
limit	noun	1135	A2
attend	verb	1136	A2
reference	noun	1137	A2
competition	noun	1138	A2
farm	noun	1139	A2
document	noun	1140	A2
majority	noun	1141	A2
investment	noun	1142	A2
arrest	verb	1143	A2
professor	noun	1144	A2
exchange	noun	1145	A2
independent	adj	1146	A2
analysis	noun	1147	A2
administration	noun	1148	A2
heat	noun	1149	A2
annual	adj	1150	A2
anymore	adv	1151	A2
insurance	noun	1152	A2
physical	adj	1153	A2
seriously	adv	1154	A2
successful	adj	1155	A2
stone	noun	1156	A2
map	noun	1157	A2
feed	verb	1158	A2
communication	noun	1159	A2
mistake	noun	1160	A2
firm	noun	1161	A2
handle	verb	1162	A2
pack	verb	1163	A2
schedule	noun	1164	A2
earn	verb	1165	A2
extend	verb	1166	A2
library	noun	1167	A2
screen	noun	1168	A2
conduct	verb	1169	A2
horse	noun	1170	A2
device	noun	1171	A2
cash	noun	1172	A2
generation	noun	1173	A2
facility	noun	1174	A2
division	noun	1175	A2
mountain	noun	1176	A2
struggle	noun	1177	A2
collect	verb	1178	A2
active	adj	1179	A2
civil	adj	1180	A2
none	pron	1181	A2
load	noun	1182	A2
grade	noun	1183	A2
spread	verb	1184	A2
executive	noun	1185	A2
assume	verb	1186	A2
environment	noun	1187	A2
multiple	adj	1188	A2
select	verb	1189	A2
writer	noun	1190	A2
gay	adj	1191	A2
locate	verb	1192	A2
admit	verb	1193	A2
queen	noun	1194	A2
confirm	verb	1195	A2
estimate	noun	1196	A2
fish	noun	1197	A2
awesome	adj	1198	A2
clearly	adv	1199	A2
balance	noun	1200	A2
click	verb	1201	A2
trouble	noun	1202	A2
session	noun	1203	A2
captain	noun	1204	A2
guide	verb	1205	A2
grand	adj	1206	A2
injury	noun	1207	A2
bird	noun	1208	A2
loan	noun	1209	A2
burn	verb	1210	A2
reality	noun	1211	A2
aid	noun	1212	A2
guard	noun	1213	A2
garden	noun	1214	A2
joke	noun	1215	A2
candidate	noun	1216	A2
economy	noun	1217	A2
winter	noun	1218	A2
tip	noun	1219	A2
recommend	verb	1220	A2
republican	noun	1221	A2
ticket	noun	1222	A2
surface	noun	1223	A2
lake	noun	1224	A2
anyway	adv	1225	A2
easily	adv	1226	A2
literally	adv	1227	A2
luck	noun	1228	A2
necessary	adj	1229	A2
thus	adv	1230	A2
yesterday	adv	1231	A2
hall	noun	1232	A2
achieve	verb	1233	A2
village	noun	1234	A2
soul	noun	1235	A2
killing	noun	1236	A2
scale	noun	1237	A2
argue	verb	1238	A2
overall	adj	1239	A2
congress	noun	1240	A2
distance	noun	1241	A2
spirit	noun	1242	A2
smart	adj	1243	A2
refuse	verb	1244	A2
directly	adv	1245	A2
glad	adj	1246	A2
speech	noun	1247	A2
appeal	noun	1248	A2
element	noun	1249	A2
soldier	noun	1250	A2
primary	adj	1251	A2
bet	verb	1252	A2
meaning	noun	1253	A2
suit	noun	1254	A2
connection	noun	1255	A2
deserve	verb	1256	A2
register	verb	1257	A2
bus	noun	1258	A2
airport	noun	1259	A2
basic	adj	1260	A2
effective	adj	1261	A2
fully	adv	1262	A2
highly	adv	1263	A2
recognize	verb	1264	A2
weather	noun	1265	A2
profile	noun	1266	A2
concept	noun	1267	A2
citizen	noun	1268	A2
square	noun	1269	A2
commit	verb	1270	A2
evening	noun	1271	A2
freedom	noun	1272	A2
equipment	noun	1273	A2
sick	adj	1274	A2
coast	noun	1275	A2
fashion	noun	1276	A2
advice	noun	1277	A2
rose	noun	1278	A2
conversation	noun	1279	A2
tool	noun	1280	A2
royal	adj	1281	A2
stress	noun	1282	A2
payment	noun	1283	A2
setting	noun	1284	A2
eventually	adv	1285	A2
holy	adj	1286	A2
otherwise	adv	1287	A2
responsible	adj	1288	A2
complex	adj	1289	A2
fat	adj	1290	A2
promote	verb	1291	A2
pair	noun	1292	A2
champion	noun	1293	A2
enemy	noun	1294	A2
tear	verb	1295	A2
taste	noun	1296	A2
protection	noun	1297	A2
dry	adj	1298	A2
metal	noun	1299	A2
nine	det	1300	A2
tire	noun	1301	A2
mass	noun	1302	A2
status	noun	1303	A2
profit	noun	1304	A2
mouth	noun	1305	A2
combine	verb	1306	A2
correct	verb	1307	A2
strategy	noun	1308	A2
warm	adj	1309	A2
budget	noun	1310	A2
display	verb	1311	A2
flow	noun	1312	A2
wave	noun	1313	A2
stream	noun	1314	A2
politics	noun	1315	A2
therefore	adv	1316	A2
truly	adv	1317	A2
aim	verb	1318	A2
flower	noun	1319	A2
indicate	verb	1320	A2
foundation	noun	1321	A2
bridge	noun	1322	A2
lock	noun	1323	A2
estate	noun	1324	A2
appreciate	verb	1325	A2
cheap	adj	1326	A2
coffee	noun	1327	A2
volume	noun	1328	A2
wedding	noun	1329	A2
bottom	noun	1330	A2
smile	verb	1331	A2
define	verb	1332	A2
advantage	noun	1333	A2
victim	noun	1334	A2
object	noun	1335	A2
investigation	noun	1336	A2
reserve	verb	1337	A2
ban	noun	1338	A2
hearing	noun	1339	A2
edge	noun	1340	A2
border	noun	1341	A2
duty	noun	1342	A2
honor	noun	1343	A2
command	noun	1344	A2
switch	verb	1345	A2
traffic	noun	1346	A2
engage	verb	1347	A2
mobile	adj	1348	A2
institute	noun	1349	A2
sad	adj	1350	A2
quote	noun	1351	A2
lawyer	noun	1352	A2
boat	noun	1353	A2
decade	noun	1354	A2
reaction	noun	1355	A2
wing	noun	1356	A2
hire	verb	1357	A2
actual	adj	1358	A2
northern	adj	1359	A2
powerful	adj	1360	A2
prior	adj	1361	A2
religious	adj	1362	A2
species	noun	1363	A2
whom	pron	1364	A2
wonderful	adj	1365	A2
propose	verb	1366	A2
healthy	adj	1367	A2
secure	verb	1368	A2
zone	noun	1369	A2
intend	verb	1370	A2
progress	noun	1371	A2
criminal	noun	1372	A2
responsibility	noun	1373	A2
discussion	noun	1374	A2
representative	noun	1375	A2
hero	noun	1376	A2
edition	noun	1377	A2
respond	verb	1378	A2
quarter	noun	1379	A2
prison	noun	1380	A2
strength	noun	1381	A2
encourage	verb	1382	A2
signal	noun	1383	A2
actor	noun	1384	A2
restaurant	noun	1385	A2
exercise	noun	1386	A2
email	noun	1387	A2
yard	noun	1388	A2
expert	noun	1389	A2
fresh	adj	1390	A2
corner	noun	1391	A2
hole	noun	1392	A2
everybody	pron	1393	A2
famous	adj	1394	A2
southern	adj	1395	A2
traditional	adj	1396	A2
twice	adv	1397	A2
negative	adj	1398	A2
celebrate	verb	1399	A2
shut	verb	1400	A2
blog	noun	1401	A2
survive	verb	1402	A2
wild	adj	1403	A2
crowd	noun	1404	A2
fourth	adj	1405	A2
sentence	noun	1406	A2
route	noun	1407	A2
escape	verb	1408	A2
weird	adj	1409	A2
faith	noun	1410	A2
resident	noun	1411	A2
critical	adj	1412	A2
digital	adj	1413	A2
mental	adj	1414	A2
mostly	adv	1415	A2
previously	adv	1416	A2
totally	adv	1417	A2
ensure	verb	1418	A2
prime	adj	1419	A2
tough	adj	1420	A2
plane	noun	1421	A2
journal	noun	1422	A2
length	noun	1423	A2
relation	noun	1424	A2
rank	noun	1425	A2
witness	noun	1426	A2
affair	noun	1427	A2
magazine	noun	1428	A2
apple	noun	1429	A2
inspire	verb	1430	A2
port	noun	1431	A2
shift	verb	1432	A2
prefer	verb	1433	A2
fee	noun	1434	A2
desire	noun	1435	A2
invite	verb	1436	A2
sexual	adj	1437	A2
theme	noun	1438	A2
survey	noun	1439	A2
accident	noun	1440	A2
obtain	verb	1441	A2
bond	noun	1442	A2
task	noun	1443	A2
billion	det	1444	A2
rain	noun	1445	A2
boss	noun	1446	A2
cast	noun	1447	A2
fuel	noun	1448	A2
silver	noun	1449	A2
shooting	noun	1450	A2
variety	noun	1451	A2
suck	verb	1452	A2
background	noun	1453	A2
argument	noun	1454	A2
temperature	noun	1455	A2
capture	verb	1456	A2
abuse	verb	1457	A2
hang	verb	1458	A2
basis	noun	1459	A2
chairman	noun	1460	A2
pattern	noun	1461	A2
guest	noun	1462	A2
defend	verb	1463	A2
audience	noun	1464	A2
shoe	noun	1465	A2
fellow	noun	1466	A2
birth	noun	1467	A2
finger	noun	1468	A2
van	noun	1469	A2
contribute	verb	1470	A2
download	verb	1471	A2
mail	noun	1472	A2
ignore	verb	1473	A2
institution	noun	1474	A2
dinner	noun	1475	A2
license	noun	1476	A2
shock	noun	1477	A2
sing	verb	1478	A2
reply	verb	1479	A2
apparently	adv	1480	A2
engineering	noun	1481	A2
obviously	adv	1482	A2
senate	noun	1483	A2
somebody	pron	1484	A2
religion	noun	1485	A2
deny	verb	1486	A2
forest	noun	1487	A2
television	noun	1488	A2
client	noun	1489	A2
shoot	verb	1490	A2
engineer	noun	1491	A2
holiday	noun	1492	A2
platform	noun	1493	A2
failure	noun	1494	A2
alternative	noun	1495	A2
conflict	noun	1496	A2
chair	noun	1497	A2
giant	noun	1498	A2
description	noun	1499	A2
debate	noun	1500	A2
technique	noun	1501	A2
requirement	noun	1502	A2
kiss	verb	1503	A2
path	noun	1504	A2
edit	verb	1505	A2
truck	noun	1506	A2
blame	verb	1507	A2
dangerous	adj	1508	A2
extremely	adv	1509	A2
indeed	adv	1510	A2
cycle	noun	1511	A2
graduate	verb	1512	A2
dear	adj	1513	A2
lift	verb	1514	A2
fifth	adj	1515	A2
transport	verb	1516	A2
appearance	noun	1517	A2
wine	noun	1518	A2
bowl	noun	1519	A2
rare	adj	1520	A2
proud	adj	1521	A2
consumer	noun	1522	A2
crash	verb	1523	A2
birthday	noun	1524	A2
settle	verb	1525	A2
approve	verb	1526	A2
victory	noun	1527	A2
labor	noun	1528	A2
egg	noun	1529	A2
classic	adj	1530	A2
repeat	verb	1531	A2
youth	noun	1532	A2
pound	noun	1533	A2
apart	adv	1534	A2
aware	adj	1535	A2
eastern	adj	1536	A2
herself	pron	1537	A2
impossible	adj	1538	A2
marketing	noun	1539	A2
nor	conj	1540	A2
remind	verb	1541	A2
paint	verb	1542	A2
expand	verb	1543	A2
frame	noun	1544	A2
chain	noun	1545	A2
festival	noun	1546	A2
lucky	adj	1547	A2
governor	noun	1548	A2
busy	adj	1549	A2
ray	noun	1550	A2
medicine	noun	1551	A2
shirt	noun	1552	A2
attorney	noun	1553	A2
liberal	adj	1554	A2
iron	noun	1555	A2
reflect	verb	1556	A2
planet	noun	1557	A2
entry	noun	1558	A2
museum	noun	1559	A2
housing	noun	1560	A2
leadership	noun	1561	A2
neither	det	1562	A2
onto	prep	1563	A2
possibly	adv	1564	A2
software	noun	1565	A2
threat	noun	1566	A2
debt	noun	1567	A2
beauty	noun	1568	A2
declare	verb	1569	A2
flat	adj	1570	A2
sample	noun	1571	A2
studio	noun	1572	A2
mount	verb	1573	A2
teaching	noun	1574	A2
bomb	noun	1575	A2
beer	noun	1576	A2
excite	verb	1577	A2
frank	adj	1578	A2
smoke	noun	1579	A2
tend	verb	1580	A2
scare	verb	1581	A2
joint	adj	1582	A2
crew	noun	1583	A2
storm	noun	1584	A2
root	noun	1585	A2
bay	noun	1586	A2
newspaper	noun	1587	A2
category	noun	1588	A2
monitor	noun	1589	A2
alive	adj	1590	A2
magic	noun	1591	A2
finance	noun	1592	A2
branch	noun	1593	A2
sector	noun	1594	A2
trend	noun	1595	A2
prince	noun	1596	A2
weak	adj	1597	A2
aspect	noun	1598	A2
assistant	noun	1599	A2
chapter	noun	1600	A2
draft	noun	1601	A2
evil	noun	1602	A2
bottle	noun	1603	A2
core	noun	1604	A2
qualify	verb	1605	A2
wash	verb	1606	A2
valley	noun	1607	A2
defeat	verb	1608	A2
behavior	noun	1609	A2
web	noun	1610	A2
elect	verb	1611	A2
tank	noun	1612	A2
parliament	noun	1613	A2
cultural	adj	1614	A2
slightly	adv	1615	A2
technical	adj	1616	A2
unique	adj	1617	A2
violence	noun	1618	A2
yours	pron	1619	A2
label	noun	1620	A2
grab	verb	1621	A2
emergency	noun	1622	A2
suspect	verb	1623	A2
pool	noun	1624	A2
ocean	noun	1625	A2
solid	adj	1626	A2
assist	verb	1627	A2
adopt	verb	1628	A2
mess	noun	1629	A2
painting	noun	1630	A2
mad	adj	1631	A2
regulation	noun	1632	A2
lovely	adj	1633	A2
folk	noun	1634	A2
guarantee	verb	1635	A2
initial	adj	1636	A2
novel	noun	1637	A2
tea	noun	1638	A2
revenue	noun	1639	A2
forever	adv	1640	A2
somewhere	adv	1641	A2
apartment	noun	1642	A2
plate	noun	1643	A2
conservative	adj	1644	A2
ruin	noun	1645	A2
afternoon	noun	1646	A2
oppose	verb	1647	A2
native	adj	1648	A2
capacity	noun	1649	A2
participate	verb	1650	A2
democratic	adj	1651	A2
excellent	adj	1652	A2
honest	adj	1653	A2
nuclear	adj	1654	A2
presence	noun	1655	A2
corporation	noun	1656	A2
consist	verb	1657	A2
protest	verb	1658	A2
convince	verb	1659	A2
rent	verb	1660	A2
phase	noun	1661	A2
ill	adj	1662	A2
lesson	noun	1663	A2
climate	noun	1664	A2
wheel	noun	1665	A2
asset	noun	1666	A2
inch	noun	1667	A2
error	noun	1668	A2
regional	adj	1669	A2
proof	noun	1670	A2
flag	noun	1671	A2
talent	noun	1672	A2
delay	verb	1673	A2
generate	verb	1674	A2
threaten	verb	1675	A2
editor	noun	1676	A2
girlfriend	noun	1677	A2
circle	noun	1678	A2
moon	noun	1679	A2
clothes	noun	1680	A2
electric	adj	1681	A2
entirely	adv	1682	A2
hello	interj	1683	A2
massive	adj	1684	A2
plenty	noun	1685	A2
proper	adj	1686	A2
sky	noun	1687	A2
toward	prep	1688	A2
upper	adj	1689	A2
useful	adj	1690	A2
willing	adj	1691	A2
organize	verb	1692	A2
democrat	noun	1693	A2
soft	adj	1694	A2
steel	noun	1695	A2
chemical	adj	1696	A2
mode	noun	1697	A2
crack	verb	1698	A2
belong	verb	1699	A2
decline	verb	1700	A2
wound	noun	1701	A2
fake	adj	1702	A2
knock	verb	1703	A2
ending	noun	1704	A2
prize	noun	1705	A2
anywhere	adv	1706	A2
fantastic	adj	1707	A2
industrial	adj	1708	A2
terrible	adj	1709	A2
reform	noun	1710	A2
bone	noun	1711	A2
gate	noun	1712	A2
cap	noun	1713	A2
tooth	noun	1714	A2
possibility	noun	1715	A2
favor	noun	1716	A2
equal	adj	1717	A2
rush	verb	1718	A2
identity	noun	1719	A2
invest	verb	1720	A2
senator	noun	1721	A2
expose	verb	1722	A2
ear	noun	1723	A2
procedure	noun	1724	A2
sugar	noun	1725	A2
instance	noun	1726	A2
drama	noun	1727	A2
territory	noun	1728	A2
squad	noun	1729	A2
jersey	noun	1730	A2
afraid	adj	1731	A2
environmental	adj	1732	A2
intelligence	noun	1733	A2
row	noun	1734	A2
solve	verb	1735	A2
enable	verb	1736	A2
yellow	adj	1737	A2
divide	verb	1738	A2
plot	noun	1739	A2
bright	adj	1740	A2
improvement	noun	1741	A2
topic	noun	1742	A2
journey	noun	1743	A2
producer	noun	1744	A2
inform	verb	1745	A2
chicken	noun	1746	A2
principle	noun	1747	A2
ancient	adj	1748	A2
politician	noun	1749	A2
illegal	adj	1750	A2
scheme	noun	1751	A2
drawing	noun	1752	A2
domestic	adj	1753	A2
expensive	adj	1754	A2
historical	adj	1755	A2
honestly	adv	1756	A2
minimum	noun	1757	A2
originally	adv	1758	A2
suddenly	adv	1759	A2
supreme	adj	1760	A2
fruit	noun	1761	A2
smell	verb	1762	A2
incident	noun	1763	A2
appropriate	adj	1764	A2
snow	noun	1765	A2
troop	noun	1766	A2
fault	noun	1767	A2
component	noun	1768	A2
pilot	noun	1769	A2
vision	noun	1770	A2
era	noun	1771	A2
investigate	verb	1772	A2
scream	verb	1773	A2
fox	noun	1774	A2
ton	noun	1775	A2
speaker	noun	1776	A2
lunch	noun	1777	A2
attitude	noun	1778	A2
wage	noun	1779	A2
trick	noun	1780	A2
chase	verb	1781	A2
scientist	noun	1782	A2
seed	noun	1783	A2
milk	noun	1784	A2
split	verb	1785	A2
highlight	verb	1786	A2
twenty	det	1787	A2
height	noun	1788	A2
cute	adj	1789	A2
reader	noun	1790	A2
appoint	verb	1791	A2
combination	noun	1792	A2
shoulder	noun	1793	A2
repair	verb	1794	A2
jail	noun	1795	A2
excuse	noun	1796	A2
kitchen	noun	1797	A2
sight	noun	1798	A2
retire	verb	1799	A2
panel	noun	1800	A2
distribution	noun	1801	A2
acquire	verb	1802	A2
chat	verb	1803	A2
quiet	adj	1804	A2
bell	noun	1805	A2
publication	noun	1806	A2
golden	adj	1807	A2
scientific	adj	1808	A2
danger	noun	1809	A2
ministry	noun	1810	A2
belief	noun	1811	A2
minor	adj	1812	A2
upset	verb	1813	A2
vary	verb	1814	A2
button	noun	1815	A2
lane	noun	1816	A2
protein	noun	1817	A2
selection	noun	1818	A2
context	noun	1819	A2
origin	noun	1820	A2
offering	noun	1821	A2
chart	noun	1822	A2
angel	noun	1823	A2
swim	verb	1824	A2
angry	adj	1825	A2
spell	noun	1826	A2
employ	verb	1827	A2
volunteer	verb	1828	A2
contest	noun	1829	A2
mate	noun	1830	A2
recover	verb	1831	A2
relative	adj	1832	A2
compete	verb	1833	A2
rating	noun	1834	A2
reward	noun	1835	A2
neck	noun	1836	A2
stadium	noun	1837	A2
surgery	noun	1838	A2
passenger	noun	1839	A2
peak	noun	1840	A2
comfortable	adj	1841	A2
emotional	adj	1842	A2
everywhere	adv	1843	A2
internal	adj	1844	A2
relatively	adv	1845	A2
confuse	verb	1846	A2
monster	noun	1847	A2
meal	noun	1848	A2
meat	noun	1849	A2
photograph	noun	1850	A2
broad	adj	1851	A2
motor	noun	1852	A2
demonstrate	verb	1853	A2
attract	verb	1854	A2
strange	adj	1855	A2
crisis	noun	1856	A2
championship	noun	1857	A2
proposal	noun	1858	A2
odd	adj	1859	A2
pure	adj	1860	A2
kingdom	noun	1861	A2
swear	verb	1862	A2
experiment	noun	1863	A2
trap	noun	1864	A2
orange	noun	1865	A2
install	verb	1866	A2
warning	noun	1867	A2
crown	noun	1868	A2
concert	noun	1869	A2
friendly	adj	1870	A2
confidence	noun	1871	A2
numerous	adj	1872	A2
specifically	adv	1873	A2
urban	adj	1874	A2
definition	noun	1875	A2
submit	verb	1876	A2
cancel	verb	1877	A2
battery	noun	1878	A2
essential	adj	1879	A2
cloud	noun	1880	A2
factory	noun	1881	A2
suicide	noun	1882	A2
salt	noun	1883	A2
mayor	noun	1884	A2
bike	noun	1885	A2
tradition	noun	1886	A2
explore	verb	1887	A2
hat	noun	1888	A2
perspective	noun	1889	A2
resolution	noun	1890	A2
tower	noun	1891	A2
pitch	verb	1892	A2
zero	noun	1893	A2
expression	noun	1894	A2
assembly	noun	1895	A2
contribution	noun	1896	A2
observe	verb	1897	A2
index	noun	1898	A2
layer	noun	1899	A2
aircraft	noun	1900	A2
approximately	adv	1901	A2
corporate	adj	1902	A2
properly	adv	1903	A2
mill	noun	1904	A2
journalist	noun	1905	A2
circumstance	noun	1906	A2
delivery	noun	1907	A2
poll	noun	1908	A2
portion	noun	1909	A2
personality	noun	1910	A2
cream	noun	1911	A2
heaven	noun	1912	A2
implement	verb	1913	A2
seal	noun	1914	A2
tournament	noun	1915	A2
academic	adj	1916	A2
tag	noun	1917	A2
opposite	adj	1918	A2
diet	noun	1919	A2
counter	noun	1920	A2
household	noun	1921	A2
adventure	noun	1922	A2
ally	noun	1923	A2
empty	adj	1924	A2
rescue	verb	1925	A2
tight	adj	1926	A2
complain	verb	1927	A2
solo	noun	1928	A2
tiny	adj	1929	A2
pocket	noun	1930	A2
extreme	adj	1931	A2
reject	verb	1932	A2
basically	adv	1933	A2
besides	adv	1934	A2
coverage	noun	1935	A2
false	adj	1936	A2
funding	noun	1937	A2
incredible	adj	1938	A2
obvious	adj	1939	A2
slowly	adv	1940	A2
whenever	conj	1941	A2
statistic	noun	1942	A2
motion	noun	1943	A2
custom	noun	1944	A2
package	noun	1945	A2
shower	noun	1946	A2
manner	noun	1947	A2
dedicate	verb	1948	A2
marine	adj	1949	A2
occasion	noun	1950	A2
quit	verb	1951	A2
loud	adj	1952	A2
accuse	verb	1953	A2
cable	noun	1954	A2
stretch	verb	1955	A2
disappoint	verb	1956	A2
gender	noun	1957	A2
republic	noun	1958	A2
shake	verb	1959	A2
emerge	verb	1960	A2
recall	verb	1961	A2
afford	verb	1962	A2
boyfriend	noun	1963	A2
voter	noun	1964	A2
literature	noun	1965	A2
ourselves	pron	1966	A2
typically	adv	1967	A2
unfortunately	adv	1968	A2
usual	adj	1969	A2
permit	verb	1970	A2
breakfast	noun	1971	A2
tall	adj	1972	A2
drunk	adj	1973	A2
roof	noun	1974	A2
depth	noun	1975	A2
bother	verb	1976	A2
spin	noun	1977	A2
encounter	verb	1978	A2
alcohol	noun	1979	A2
trail	noun	1980	A2
muscle	noun	1981	A2
pet	noun	1982	A2
consequence	noun	1983	A2
visitor	noun	1984	A2
noise	noun	1985	A2
comic	adj	1986	A2
farmer	noun	1987	A2
chamber	noun	1988	A2
cake	noun	1989	A2
pray	verb	1990	A2
calm	adj	1991	A2
tweet	verb	1992	A2
maximum	noun	1993	A2
capable	adj	1994	A2
familiar	adj	1995	A2
guilty	adj	1996	A2
largely	adv	1997	A2
perfectly	adv	1998	A2
relevant	adj	1999	A2
unable	adj	2000	A2
pleasure	noun	2001	B1
deputy	noun	2002	B1
supporter	noun	2003	B1
attach	verb	2004	B1
succeed	verb	2005	B1
creative	adj	2006	B1
entertainment	noun	2007	B1
shadow	noun	2008	B1
strip	noun	2009	B1
wire	noun	2010	B1
recording	noun	2011	B1
tone	noun	2012	B1
province	noun	2013	B1
penalty	noun	2014	B1
universe	noun	2015	B1
saint	noun	2016	B1
neighborhood	noun	2017	B1
log	noun	2018	B1
server	noun	2019	B1
debut	noun	2020	B1
chip	noun	2021	B1
appointment	noun	2022	B1
educational	adj	2023	B1
mainly	adv	2024	B1
nurse	noun	2025	B1
abandon	verb	2026	B1
creation	noun	2027	B1
gear	noun	2028	B1
blind	adj	2029	B1
sheet	noun	2030	B1
singer	noun	2031	B1
conclude	verb	2032	B1
prayer	noun	2033	B1
shame	noun	2034	B1
climb	verb	2035	B1
bathroom	noun	2036	B1
academy	noun	2037	B1
legend	noun	2038	B1
prisoner	noun	2039	B1
recovery	noun	2040	B1
boot	noun	2041	B1
disappear	verb	2042	B1
instrument	noun	2043	B1
mirror	noun	2044	B1
settlement	noun	2045	B1
examine	verb	2046	B1
rely	verb	2047	B1
annoy	verb	2048	B1
emotion	noun	2049	B1
aside	adv	2050	B1
assistance	noun	2051	B1
careful	adj	2052	B1
reasonable	adj	2053	B1
rural	adj	2054	B1
typical	adj	2055	B1
cheese	noun	2056	B1
flash	verb	2057	B1
toy	noun	2058	B1
revolution	noun	2059	B1
satisfy	verb	2060	B1
pretend	verb	2061	B1
manufacturer	noun	2062	B1
sponsor	verb	2063	B1
grace	noun	2064	B1
comparison	noun	2065	B1
relax	verb	2066	B1
highway	noun	2067	B1
assault	noun	2068	B1
dumb	adj	2069	B1
pump	verb	2070	B1
expense	noun	2071	B1
convert	verb	2072	B1
freeze	verb	2073	B1
format	noun	2074	B1
dragon	noun	2075	B1
hook	noun	2076	B1
terrorist	noun	2077	B1
interior	noun	2078	B1
string	noun	2079	B1
praise	verb	2080	B1
veteran	noun	2081	B1
combat	noun	2082	B1
bunch	noun	2083	B1
turkey	noun	2084	B1
cheat	verb	2085	B1
independence	noun	2086	B1
random	adj	2087	B1
gallery	noun	2088	B1
joy	noun	2089	B1
golf	noun	2090	B1
gather	verb	2091	B1
complaint	noun	2092	B1
commander	noun	2093	B1
drag	verb	2094	B1
slip	verb	2095	B1
navy	noun	2096	B1
neighbor	noun	2097	B1
convention	noun	2098	B1
killer	noun	2099	B1
premier	noun	2100	B1
difficulty	noun	2101	B1
designer	noun	2102	B1
wrap	verb	2103	B1
injure	verb	2104	B1
steam	noun	2105	B1
constitution	noun	2106	B1
tune	noun	2107	B1
expectation	noun	2108	B1
tape	noun	2109	B1
fantasy	noun	2110	B1
instruction	noun	2111	B1
empire	noun	2112	B1
priority	noun	2113	B1
accurate	adj	2114	B1
competitive	adj	2115	B1
normally	adv	2116	B1
opposition	noun	2117	B1
permanent	adj	2118	B1
personally	adv	2119	B1
storage	noun	2120	B1
transportation	noun	2121	B1
ultimately	adv	2122	B1
unlike	adj	2123	B1
weekly	adj	2124	B1
thread	noun	2125	B1
fighter	noun	2126	B1
surrounding	adj	2127	B1
bath	noun	2128	B1
gang	noun	2129	B1
depression	noun	2130	B1
cite	verb	2131	B1
exclusive	adj	2132	B1
hunt	verb	2133	B1
slide	verb	2134	B1
occupy	verb	2135	B1
punch	verb	2136	B1
wet	adj	2137	B1
partnership	noun	2138	B1
bound	adj	2139	B1
diamond	noun	2140	B1
harm	noun	2141	B1
gap	noun	2142	B1
gene	noun	2143	B1
retail	noun	2144	B1
brief	adj	2145	B1
retain	verb	2146	B1
nose	noun	2147	B1
expansion	noun	2148	B1
knee	noun	2149	B1
lip	noun	2150	B1
sink	verb	2151	B1
operator	noun	2152	B1
anybody	pron	2153	B1
basketball	noun	2154	B1
employment	noun	2155	B1
frequently	adv	2156	B1
hopefully	adv	2157	B1
importance	noun	2158	B1
latter	adj	2159	B1
manufacturing	noun	2160	B1
mining	noun	2161	B1
personnel	noun	2162	B1
pregnant	adj	2163	B1
severe	adj	2164	B1
pursue	verb	2165	B1
relief	noun	2166	B1
therapy	noun	2167	B1
plastic	noun	2168	B1
coin	noun	2169	B1
wise	adj	2170	B1
upgrade	verb	2171	B1
campus	noun	2172	B1
dirty	adj	2173	B1
principal	adj	2174	B1
dig	verb	2175	B1
export	verb	2176	B1
twin	noun	2177	B1
princess	noun	2178	B1
divorce	noun	2179	B1
railway	noun	2180	B1
slave	noun	2181	B1
dozen	noun	2182	B1
constant	adj	2183	B1
contrast	noun	2184	B1
delete	verb	2185	B1
teen	noun	2186	B1
transition	noun	2187	B1
shell	noun	2188	B1
founder	noun	2189	B1
bite	verb	2190	B1
sin	noun	2191	B1
brilliant	adj	2192	B1
carbon	noun	2193	B1
electronic	adj	2194	B1
existence	noun	2195	B1
legislation	noun	2196	B1
maintenance	noun	2197	B1
nearby	adj	2198	B1
resistance	noun	2199	B1
rice	noun	2200	B1
somewhat	adv	2201	B1
surely	adv	2202	B1
criticism	noun	2203	B1
extension	noun	2204	B1
circuit	noun	2205	B1
visual	adj	2206	B1
rip	verb	2207	B1
acid	noun	2208	B1
disorder	noun	2209	B1
bury	verb	2210	B1
conclusion	noun	2211	B1
introduction	noun	2212	B1
formation	noun	2213	B1
breath	noun	2214	B1
minority	noun	2215	B1
bat	noun	2216	B1
idiot	noun	2217	B1
acknowledge	verb	2218	B1
assessment	noun	2219	B1
hip	noun	2220	B1
outcome	noun	2221	B1
charity	noun	2222	B1
objective	noun	2223	B1
screw	noun	2224	B1
leak	noun	2225	B1
preserve	verb	2226	B1
reverse	verb	2227	B1
angle	noun	2228	B1
construct	verb	2229	B1
unknown	adj	2230	B1
arrangement	noun	2231	B1
athlete	noun	2232	B1
arrange	verb	2233	B1
bush	noun	2234	B1
anniversary	noun	2235	B1
restore	verb	2236	B1
plain	adj	2237	B1
absolute	adj	2238	B1
advertising	noun	2239	B1
baseball	noun	2240	B1
exciting	adj	2241	B1
heavily	adv	2242	B1
significantly	adv	2243	B1
widely	adv	2244	B1
worldwide	adj	2245	B1
guitar	noun	2246	B1
chest	noun	2247	B1
trigger	noun	2248	B1
cousin	noun	2249	B1
boost	verb	2250	B1
symptom	noun	2251	B1
thin	adj	2252	B1
retirement	noun	2253	B1
vessel	noun	2254	B1
immigrant	noun	2255	B1
warrior	noun	2256	B1
achievement	noun	2257	B1
employer	noun	2258	B1
suggestion	noun	2259	B1
comedy	noun	2260	B1
bonus	noun	2261	B1
sum	noun	2262	B1
dispute	verb	2263	B1
intention	noun	2264	B1
rail	noun	2265	B1
democracy	noun	2266	B1
cheer	noun	2267	B1
nail	noun	2268	B1
medal	noun	2269	B1
bedroom	noun	2270	B1
tiger	noun	2271	B1
flood	noun	2272	B1
musical	adj	2273	B1
sand	noun	2274	B1
enterprise	noun	2275	B1
interaction	noun	2276	B1
eliminate	verb	2277	B1
ghost	noun	2278	B1
attractive	adj	2279	B1
closely	adv	2280	B1
constantly	adv	2281	B1
hardly	adv	2282	B1
officially	adv	2283	B1
raw	adj	2284	B1
secondary	adj	2285	B1
solar	adj	2286	B1
somehow	adv	2287	B1
ultimate	adj	2288	B1
advise	verb	2289	B1
decrease	verb	2290	B1
mask	noun	2291	B1
math	noun	2292	B1
cabinet	noun	2293	B1
proceed	verb	2294	B1
pink	adj	2295	B1
crush	verb	2296	B1
valuable	adj	2297	B1
habit	noun	2298	B1
junior	noun	2299	B1
ideal	adj	2300	B1
discovery	noun	2301	B1
mystery	noun	2302	B1
filter	verb	2303	B1
critic	noun	2304	B1
pen	noun	2305	B1
chocolate	noun	2306	B1
contemporary	adj	2307	B1
initiative	noun	2308	B1
advocate	verb	2309	B1
equivalent	noun	2310	B1
discount	noun	2311	B1
tap	verb	2312	B1
coat	noun	2313	B1
explanation	noun	2314	B1
exact	adj	2315	B1
comfort	noun	2316	B1
silence	noun	2317	B1
establishment	noun	2318	B1
kilometer	noun	2319	B1
rob	verb	2320	B1
temple	noun	2321	B1
regret	verb	2322	B1
automatically	adv	2323	B1
external	adj	2324	B1
immediate	adj	2325	B1
presidential	adj	2326	B1
regularly	adv	2327	B1
smoking	noun	2328	B1
fool	noun	2329	B1
belt	noun	2330	B1
commitment	noun	2331	B1
craft	noun	2332	B1
clock	noun	2333	B1
approval	noun	2334	B1
complicate	verb	2335	B1
lion	noun	2336	B1
permission	noun	2337	B1
lab	noun	2338	B1
accompany	verb	2339	B1
researcher	noun	2340	B1
stranger	noun	2341	B1
opponent	noun	2342	B1
thick	adj	2343	B1
transaction	noun	2344	B1
commissioner	noun	2345	B1
urge	verb	2346	B1
sharp	adj	2347	B1
percentage	noun	2348	B1
assign	verb	2349	B1
mouse	noun	2350	B1
stable	adj	2351	B1
knife	noun	2352	B1
reporter	noun	2353	B1
wolf	noun	2354	B1
philosophy	noun	2355	B1
bid	verb	2356	B1
bread	noun	2357	B1
deposit	noun	2358	B1
graphic	adj	2359	B1
developer	noun	2360	B1
childhood	noun	2361	B1
clinical	adj	2362	B1
detailed	adj	2363	B1
entitle	verb	2364	B1
wealth	noun	2365	B1
kit	noun	2366	B1
lover	noun	2367	B1
narrow	adj	2368	B1
twist	verb	2369	B1
jury	noun	2370	B1
resort	noun	2371	B1
sacrifice	noun	2372	B1
impress	verb	2373	B1
hunter	noun	2374	B1
execute	verb	2375	B1
hop	verb	2376	B1
breast	noun	2377	B1
tale	noun	2378	B1
predict	verb	2379	B1
resolve	verb	2380	B1
surround	verb	2381	B1
coal	noun	2382	B1
jet	noun	2383	B1
recommendation	noun	2384	B1
distribute	verb	2385	B1
import	noun	2386	B1
bless	verb	2387	B1
pot	noun	2388	B1
promotion	noun	2389	B1
script	noun	2390	B1
exception	noun	2391	B1
ceremony	noun	2392	B1
virus	noun	2393	B1
pride	noun	2394	B1
symbol	noun	2395	B1
fairly	adv	2396	B1
inner	adj	2397	B1
monthly	adj	2398	B1
outstanding	adj	2399	B1
rid	verb	2400	B1
tube	noun	2401	B1
educate	verb	2402	B1
forum	noun	2403	B1
priest	noun	2404	B1
rough	adj	2405	B1
buddy	noun	2406	B1
desert	noun	2407	B1
salary	noun	2408	B1
formula	noun	2409	B1
celebrity	noun	2410	B1
maker	noun	2411	B1
incorporate	verb	2412	B1
owe	verb	2413	B1
passion	noun	2414	B1
pace	noun	2415	B1
membership	noun	2416	B1
pin	noun	2417	B1
actress	noun	2418	B1
boundary	noun	2419	B1
superior	adj	2420	B1
bull	noun	2421	B1
crystal	noun	2422	B1
participant	noun	2423	B1
bang	verb	2424	B1
clip	noun	2425	B1
loose	adj	2426	B1
heading	noun	2427	B1
castle	noun	2428	B1
gross	adj	2429	B1
investor	noun	2430	B1
warn	verb	2431	B1
soil	noun	2432	B1
knight	noun	2433	B1
replacement	noun	2434	B1
deck	noun	2435	B1
nut	noun	2436	B1
barely	adv	2437	B1
effectively	adv	2438	B1
extensive	adj	2439	B1
historic	adj	2440	B1
initially	adv	2441	B1
universal	adj	2442	B1
vast	adj	2443	B1
insist	verb	2444	B1
adjust	verb	2445	B1
exhibit	verb	2446	B1
column	noun	2447	B1
infection	noun	2448	B1
creature	noun	2449	B1
shine	verb	2450	B1
poem	noun	2451	B1
shield	noun	2452	B1
blast	verb	2453	B1
reputation	noun	2454	B1
landscape	noun	2455	B1
arrival	noun	2456	B1
uniform	noun	2457	B1
possession	noun	2458	B1
translate	verb	2459	B1
dare	verb	2460	B1
cure	verb	2461	B1
illness	noun	2462	B1
uncle	noun	2463	B1
exit	noun	2464	B1
pose	verb	2465	B1
shout	verb	2466	B1
disaster	noun	2467	B1
bishop	noun	2468	B1
transform	verb	2469	B1
pipe	noun	2470	B1
horror	noun	2471	B1
alien	adj	2472	B1
sequence	noun	2473	B1
consistent	adj	2474	B1
meanwhile	adv	2475	B1
naturally	adv	2476	B1
necessarily	adv	2477	B1
pants	noun	2478	B1
practical	adj	2479	B1
primarily	adv	2480	B1
regardless	adv	2481	B1
soccer	noun	2482	B1
temporary	adj	2483	B1
snap	verb	2484	B1
rocket	noun	2485	B1
charm	noun	2486	B1
stem	noun	2487	B1
amendment	noun	2488	B1
palace	noun	2489	B1
eagle	noun	2490	B1
ski	noun	2491	B1
avenue	noun	2492	B1
allege	verb	2493	B1
carrier	noun	2494	B1
mood	noun	2495	B1
duke	noun	2496	B1
fort	noun	2497	B1
rally	noun	2498	B1
theater	noun	2499	B1
translation	noun	2500	B1
impose	verb	2501	B1
dish	noun	2502	B1
playoff	noun	2503	B1
atmosphere	noun	2504	B1
civilian	adj	2505	B1
innocent	adj	2506	B1
trace	noun	2507	B1
anxiety	noun	2508	B1
infrastructure	noun	2509	B1
audio	noun	2510	B1
clothing	noun	2511	B1
everyday	adj	2512	B1
extent	noun	2513	B1
fishing	noun	2514	B1
healthcare	noun	2515	B1
immigration	noun	2516	B1
impressive	adj	2517	B1
recognition	noun	2518	B1
shortly	adv	2519	B1
strongly	adv	2520	B1
mortgage	noun	2521	B1
bug	noun	2522	B1
swing	verb	2523	B1
enhance	verb	2524	B1
desk	noun	2525	B1
output	noun	2526	B1
exposure	noun	2527	B1
rear	noun	2528	B1
mechanism	noun	2529	B1
meter	noun	2530	B1
float	verb	2531	B1
elite	noun	2532	B1
phrase	noun	2533	B1
friendship	noun	2534	B1
sword	noun	2535	B1
pan	noun	2536	B1
smooth	adj	2537	B1
alarm	noun	2538	B1
integrate	verb	2539	B1
pizza	noun	2540	B1
vacation	noun	2541	B1
anger	noun	2542	B1
colleague	noun	2543	B1
essay	noun	2544	B1
racist	noun	2545	B1
curve	noun	2546	B1
tail	noun	2547	B1
dominate	verb	2548	B1
gray	adj	2549	B1
sexy	adj	2550	B1
awful	adj	2551	B1
carefully	adv	2552	B1
elsewhere	adv	2553	B1
moral	adj	2554	B1
offensive	adj	2555	B1
poverty	noun	2556	B1
ridiculous	adj	2557	B1
sensitive	adj	2558	B1
violent	adj	2559	B1
listing	noun	2560	B1
alliance	noun	2561	B1
sue	verb	2562	B1
reduction	noun	2563	B1
crop	noun	2564	B1
recruit	verb	2565	B1
segment	noun	2566	B1
lieutenant	noun	2567	B1
trash	noun	2568	B1
imply	verb	2569	B1
narrative	noun	2570	B1
sail	verb	2571	B1
hack	verb	2572	B1
frequency	noun	2573	B1
gym	noun	2574	B1
characteristic	noun	2575	B1
compound	noun	2576	B1
rapid	adj	2577	B1
fry	verb	2578	B1
sustain	verb	2579	B1
preparation	noun	2580	B1
adapt	verb	2581	B1
bench	noun	2582	B1
collapse	verb	2583	B1
dust	noun	2584	B1
exhibition	noun	2585	B1
exam	noun	2586	B1
administrative	adj	2587	B1
alongside	adv	2588	B1
curious	adj	2589	B1
enforcement	noun	2590	B1
formal	adj	2591	B1
hungry	adj	2592	B1
photography	noun	2593	B1
respectively	adv	2594	B1
silent	adj	2595	B1
successfully	adv	2596	B1
unusual	adj	2597	B1
pour	verb	2598	B1
withdraw	verb	2599	B1
raid	verb	2600	B1
spy	noun	2601	B1
alert	noun	2602	B1
weigh	verb	2603	B1
telephone	noun	2604	B1
stare	verb	2605	B1
ugly	adj	2606	B1
yield	verb	2607	B1
gentleman	noun	2608	B1
drill	noun	2609	B1
justify	verb	2610	B1
embarrass	verb	2611	B1
bullet	noun	2612	B1
grave	noun	2613	B1
suspend	verb	2614	B1
ward	noun	2615	B1
accomplish	verb	2616	B1
refugee	noun	2617	B1
broadcast	noun	2618	B1
ratio	noun	2619	B1
brush	noun	2620	B1
tissue	noun	2621	B1
whoever	pron	2622	B1
currency	noun	2623	B1
liquid	noun	2624	B1
awareness	noun	2625	B1
badly	adv	2626	B1
concrete	noun	2627	B1
deeply	adv	2628	B1
fiction	noun	2629	B1
happiness	noun	2630	B1
horrible	adj	2631	B1
savings	noun	2632	B1
stomach	noun	2633	B1
impression	noun	2634	B1
romantic	adj	2635	B1
landing	noun	2636	B1
forgive	verb	2637	B1
memorial	noun	2638	B1
architecture	noun	2639	B1
jacket	noun	2640	B1
tourist	noun	2641	B1
detect	verb	2642	B1
satellite	noun	2643	B1
shore	noun	2644	B1
donate	verb	2645	B1
polish	verb	2646	B1
robot	noun	2647	B1
premium	noun	2648	B1
specialist	noun	2649	B1
embrace	verb	2650	B1
provision	noun	2651	B1
activist	noun	2652	B1
distinguish	verb	2653	B1
boring	adj	2654	B1
confident	adj	2655	B1
electricity	noun	2656	B1
helpful	adj	2657	B1
naked	adj	2658	B1
strategic	adj	2659	B1
welfare	noun	2660	B1
inspiration	noun	2661	B1
dump	verb	2662	B1
alter	verb	2663	B1
venture	noun	2664	B1
liberty	noun	2665	B1
recipe	noun	2666	B1
brave	adj	2667	B1
react	verb	2668	B1
holder	noun	2669	B1
bow	noun	2670	B1
butter	noun	2671	B1
input	noun	2672	B1
lyric	noun	2673	B1
dismiss	verb	2674	B1
entrance	noun	2675	B1
yell	verb	2676	B1
routine	noun	2677	B1
dive	verb	2678	B1
celebration	noun	2679	B1
bureau	noun	2680	B1
lean	verb	2681	B1
modify	verb	2682	B1
representation	noun	2683	B1
stun	verb	2684	B1
communist	adj	2685	B1
communicate	verb	2686	B1
airline	noun	2687	B1
restrict	verb	2688	B1
sweep	verb	2689	B1
foster	verb	2690	B1
utility	noun	2691	B1
shelter	noun	2692	B1
govern	verb	2693	B1
stroke	noun	2694	B1
stake	noun	2695	B1
stamp	noun	2696	B1
shade	noun	2697	B1
pit	noun	2698	B1
duck	noun	2699	B1
afterwards	adv	2700	B1
behalf	noun	2701	B1
economics	noun	2702	B1
efficient	adj	2703	B1
electrical	adj	2704	B1
essentially	adv	2705	B1
hockey	noun	2706	B1
hunting	noun	2707	B1
nervous	adj	2708	B1
newly	adv	2709	B1
ordinary	adj	2710	B1
rarely	adv	2711	B1
ease	verb	2712	B1
attribute	verb	2713	B1
illustrate	verb	2714	B1
innovation	noun	2715	B1
tongue	noun	2716	B1
derive	verb	2717	B1
assure	verb	2718	B1
restriction	noun	2719	B1
cricket	noun	2720	B1
prospect	noun	2721	B1
devil	noun	2722	B1
venue	noun	2723	B1
physician	noun	2724	B1
provider	noun	2725	B1
assess	verb	2726	B1
rat	noun	2727	B1
consume	verb	2728	B1
flip	verb	2729	B1
fate	noun	2730	B1
concentrate	verb	2731	B1
nerve	noun	2732	B1
evolve	verb	2733	B1
scary	adj	2734	B1
ambassador	noun	2735	B1
beg	verb	2736	B1
consent	noun	2737	B1
skip	verb	2738	B1
sake	noun	2739	B1
loop	noun	2740	B1
fame	noun	2741	B1
grass	noun	2742	B1
photographer	noun	2743	B1
lifetime	noun	2744	B1
chill	noun	2745	B1
organic	adj	2746	B1
composition	noun	2747	B1
manufacture	verb	2748	B1
thirty	det	2749	B1
dealer	noun	2750	B1
colonel	noun	2751	B1
dramatic	adj	2752	B1
evolution	noun	2753	B1
lately	adv	2754	B1
remote	adj	2755	B1
whereas	conj	2756	B1
possess	verb	2757	B1
domain	noun	2758	B1
laboratory	noun	2759	B1
residence	noun	2760	B1
boom	noun	2761	B1
treaty	noun	2762	B1
spare	adj	2763	B1
margin	noun	2764	B1
juice	noun	2765	B1
efficiency	noun	2766	B1
funeral	noun	2767	B1
substance	noun	2768	B1
summary	noun	2769	B1
patch	noun	2770	B1
comprise	verb	2771	B1
announcement	noun	2772	B1
lecture	noun	2773	B1
certificate	noun	2774	B1
trailer	noun	2775	B1
tackle	verb	2776	B1
fence	noun	2777	B1
fundamental	adj	2778	B1
poster	noun	2779	B1
peer	noun	2780	B1
publisher	noun	2781	B1
pope	noun	2782	B1
potato	noun	2783	B1
buyer	noun	2784	B1
flame	noun	2785	B1
congratulation	noun	2786	B1
decent	adj	2787	B1
downtown	adv	2788	B1
forth	adv	2789	B1
insane	adj	2790	B1
nowhere	adv	2791	B1
ownership	noun	2792	B1
poetry	noun	2793	B1
rugby	noun	2794	B1
spiritual	adj	2795	B1
sudden	adj	2796	B1
discipline	noun	2797	B1
toilet	noun	2798	B1
humanity	noun	2799	B1
bore	verb	2800	B1
resist	verb	2801	B1
calculate	verb	2802	B1
cookie	noun	2803	B1
smash	verb	2804	B1
overcome	verb	2805	B1
calorie	noun	2806	B1
ranking	noun	2807	B1
fancy	adj	2808	B1
arise	verb	2809	B1
tunnel	noun	2810	B1
disgust	noun	2811	B1
disability	noun	2812	B1
worship	noun	2813	B1
rebel	noun	2814	B1
archive	noun	2815	B1
creek	noun	2816	B1
capability	noun	2817	B1
bully	noun	2818	B1
database	noun	2819	B1
entertain	verb	2820	B1
ranger	noun	2821	B1
scan	noun	2822	B1
consideration	noun	2823	B1
abroad	adv	2824	B1
bye	interj	2825	B1
equally	adv	2826	B1
fitness	noun	2827	B1
intense	adj	2828	B1
makeup	noun	2829	B1
occasionally	adv	2830	B1
physics	noun	2831	B1
potentially	adv	2832	B1
silly	adj	2833	B1
subsequent	adj	2834	B1
visible	adj	2835	B1
radical	adj	2836	B1
fraud	noun	2837	B1
beast	noun	2838	B1
exclude	verb	2839	B1
patent	noun	2840	B1
presentation	noun	2841	B1
terminal	noun	2842	B1
legacy	noun	2843	B1
runner	noun	2844	B1
strain	noun	2845	B1
concentration	noun	2846	B1
strengthen	verb	2847	B1
guardian	noun	2848	B1
barrier	noun	2849	B1
outfit	noun	2850	B1
variation	noun	2851	B1
disable	verb	2852	B1
petition	noun	2853	B1
punishment	noun	2854	B1
crossing	noun	2855	B1
compose	verb	2856	B1
warrant	noun	2857	B1
brick	noun	2858	B1
inquiry	noun	2859	B1
snake	noun	2860	B1
compromise	noun	2861	B1
poison	noun	2862	B1
destination	noun	2863	B1
fortune	noun	2864	B1
progressive	adj	2865	B1
isolate	verb	2866	B1
rival	noun	2867	B1
melt	verb	2868	B1
scratch	verb	2869	B1
commonly	adv	2870	B1
defensive	adj	2871	B1
hence	adv	2872	B1
increasingly	adv	2873	B1
incredibly	adv	2874	B1
sixth	adj	2875	B1
suitable	adj	2876	B1
valid	adj	2877	B1
vital	adj	2878	B1
observation	noun	2879	B1
tribe	noun	2880	B1
violation	noun	2881	B1
railroad	noun	2882	B1
portrait	noun	2883	B1
organ	noun	2884	B1
tattoo	noun	2885	B1
cigarette	noun	2886	B1
drain	verb	2887	B1
consult	verb	2888	B1
resign	verb	2889	B1
intervention	noun	2890	B1
franchise	noun	2891	B1
delight	noun	2892	B1
daddy	noun	2893	B1
lend	verb	2894	B1
transmission	noun	2895	B1
luxury	noun	2896	B1
glory	noun	2897	B1
pig	noun	2898	B1
remark	verb	2899	B1
mature	adj	2900	B1
charter	noun	2901	B1
agriculture	noun	2902	B1
commerce	noun	2903	B1
genuine	adj	2904	B1
honey	noun	2905	B1
merely	adv	2906	B1
programming	noun	2907	B1
survival	noun	2908	B1
documentary	noun	2909	B1
engagement	noun	2910	B1
fleet	noun	2911	B1
pregnancy	noun	2912	B1
passage	noun	2913	B1
signature	noun	2914	B1
spider	noun	2915	B1
verse	noun	2916	B1
bean	noun	2917	B1
regime	noun	2918	B1
acre	noun	2919	B1
manual	noun	2920	B1
arena	noun	2921	B1
coordinate	verb	2922	B1
equip	verb	2923	B1
epic	noun	2924	B1
faculty	noun	2925	B1
cruise	verb	2926	B1
poet	noun	2927	B1
follower	noun	2928	B1
removal	noun	2929	B1
acquisition	noun	2930	B1
scenario	noun	2931	B1
drum	noun	2932	B1
intellectual	adj	2933	B1
hug	verb	2934	B1
servant	noun	2935	B1
panic	noun	2936	B1
bias	noun	2937	B1
breed	verb	2938	B1
ash	noun	2939	B1
evaluate	verb	2940	B1
asleep	adj	2941	B1
automatic	adj	2942	B1
comprehensive	adj	2943	B1
destruction	noun	2944	B1
extraordinary	adj	2945	B1
headquarters	noun	2946	B1
heritage	noun	2947	B1
logic	noun	2948	B1
privacy	noun	2949	B1
roughly	adv	2950	B1
pension	noun	2951	B1
blade	noun	2952	B1
absence	noun	2953	B1
costume	noun	2954	B1
affiliate	verb	2955	B1
vegetable	noun	2956	B1
genius	noun	2957	B1
dose	noun	2958	B1
resume	verb	2959	B1
flee	verb	2960	B1
punish	verb	2961	B1
wipe	verb	2962	B1
insight	noun	2963	B1
assignment	noun	2964	B1
missile	noun	2965	B1
creator	noun	2966	B1
weed	noun	2967	B1
tension	noun	2968	B1
galaxy	noun	2969	B1
hint	noun	2970	B1
donation	noun	2971	B1
survivor	noun	2972	B1
vocal	adj	2973	B1
density	noun	2974	B1
regulate	verb	2975	B1
torture	noun	2976	B1
auction	noun	2977	B1
musician	noun	2978	B1
teenager	noun	2979	B1
entity	noun	2980	B1
variable	adj	2981	B1
shed	verb	2982	B1
apologize	verb	2983	B1
slight	adj	2984	B1
viewer	noun	2985	B1
exhaust	verb	2986	B1
logo	noun	2987	B1
measurement	noun	2988	B1
triple	adj	2989	B1
banking	noun	2990	B1
chemistry	noun	2991	B1
consumption	noun	2992	B1
corruption	noun	2993	B1
cotton	noun	2994	B1
gorgeous	adj	2995	B1
grateful	adj	2996	B1
leather	noun	2997	B1
ought	verb	2998	B1
tennis	noun	2999	B1
twelve	det	3000	B1
clinic	noun	3001	B1
spray	noun	3002	B1
cave	noun	3003	B1
parallel	adj	3004	B1
frustrate	verb	3005	B1
bubble	noun	3006	B1
cow	noun	3007	B1
romance	noun	3008	B1
scholar	noun	3009	B1
throat	noun	3010	B1
judgment	noun	3011	B1
examination	noun	3012	B1
contractor	noun	3013	B1
execution	noun	3014	B1
mall	noun	3015	B1
negotiation	noun	3016	B1
registration	noun	3017	B1
violate	verb	3018	B1
classify	verb	3019	B1
upload	verb	3020	B1
moderate	adj	3021	B1
rifle	noun	3022	B1
inspector	noun	3023	B1
exceed	verb	3024	B1
offense	noun	3025	B1
insult	verb	3026	B1
implementation	noun	3027	B1
fluid	noun	3028	B1
ruling	noun	3029	B1
calendar	noun	3030	B1
pill	noun	3031	B1
lung	noun	3032	B1
colony	noun	3033	B1
agricultural	adj	3034	B1
blues	noun	3035	B1
delicious	adj	3036	B1
genetic	adj	3037	B1
instant	adj	3038	B1
rapidly	adv	3039	B1
upcoming	adj	3040	B1
breathe	verb	3041	B1
disturb	verb	3042	B1
negotiate	verb	3043	B1
agenda	noun	3044	B1
weakness	noun	3045	B1
defender	noun	3046	B1
jam	noun	3047	B1
render	verb	3048	B1
outline	verb	3049	B1
clue	noun	3050	B1
default	noun	3051	B1
workshop	noun	3052	B1
shark	noun	3053	B1
sock	noun	3054	B1
dimension	noun	3055	B1
equity	noun	3056	B1
beam	noun	3057	B1
privilege	noun	3058	B1
pupil	noun	3059	B1
lifestyle	noun	3060	B1
riot	noun	3061	B1
barrel	noun	3062	B1
toe	noun	3063	B1
analyze	verb	3064	B1
lease	noun	3065	B1
obligation	noun	3066	B1
sauce	noun	3067	B1
explosion	noun	3068	B1
demon	noun	3069	B1
designate	verb	3070	B1
motivate	verb	3071	B1
framework	noun	3072	B1
bee	noun	3073	B1
undergo	verb	3074	B1
piano	noun	3075	B1
compensation	noun	3076	B1
conservation	noun	3077	B1
constitutional	adj	3078	B1
elementary	adj	3079	B1
ethnic	adj	3080	B1
greatly	adv	3081	B1
guidance	noun	3082	B1
mechanical	adj	3083	B1
participation	noun	3084	B1
precious	adj	3085	B1
prominent	adj	3086	B1
residential	adj	3087	B1
substantial	adj	3088	B1
wildlife	noun	3089	B1
wooden	adj	3090	B1
curse	noun	3091	B1
chef	noun	3092	B1
convict	verb	3093	B1
depress	verb	3094	B1
differ	verb	3095	B1
powder	noun	3096	B1
perceive	verb	3097	B1
correspond	verb	3098	B1
horn	noun	3099	B1
dialogue	noun	3100	B1
slam	verb	3101	B1
collaboration	noun	3102	B1
centimeter	noun	3103	B1
treasure	noun	3104	B1
fifty	det	3105	B1
headline	noun	3106	B1
summit	noun	3107	B1
gathering	noun	3108	B1
sole	noun	3109	B1
grain	noun	3110	B1
cape	noun	3111	B1
menu	noun	3112	B1
pat	verb	3113	B1
goodbye	interj	3114	B1
substitute	noun	3115	B1
detective	noun	3116	B1
aggressive	adj	3117	B1
apparent	adj	3118	B1
courage	noun	3119	B1
desperate	adj	3120	B1
diversity	noun	3121	B1
feedback	noun	3122	B1
legislative	adj	3123	B1
nursing	noun	3124	B1
ongoing	adj	3125	B1
painful	adj	3126	B1
purple	adj	3127	B1
sufficient	adj	3128	B1
underground	adj	3129	B1
virtual	adj	3130	B1
candy	noun	3131	B1
interpretation	noun	3132	B1
nightmare	noun	3133	B1
attraction	noun	3134	B1
anticipate	verb	3135	B1
plug	noun	3136	B1
abortion	noun	3137	B1
fold	verb	3138	B1
hammer	noun	3139	B1
specify	verb	3140	B1
controversy	noun	3141	B1
assumption	noun	3142	B1
pub	noun	3143	B1
stack	noun	3144	B1
palm	noun	3145	B1
socialist	noun	3146	B1
installation	noun	3147	B1
preference	noun	3148	B1
bend	verb	3149	B1
laptop	noun	3150	B1
nominate	verb	3151	B1
arsenal	noun	3152	B1
biological	adj	3153	B1
discrimination	noun	3154	B1
dynamic	adj	3155	B1
footage	noun	3156	B1
jazz	noun	3157	B1
literary	adj	3158	B1
midnight	noun	3159	B1
psychology	noun	3160	B1
stability	noun	3161	B1
steady	adj	3162	B1
unlikely	adj	3163	B1
lap	noun	3164	B1
burst	verb	3165	B1
invent	verb	3166	B1
pie	noun	3167	B1
burden	noun	3168	B1
dawn	noun	3169	B1
spark	noun	3170	B1
pile	noun	3171	B1
timing	noun	3172	B1
rider	noun	3173	B1
slot	noun	3174	B1
leaf	noun	3175	B1
globe	noun	3176	B1
frequent	adj	3177	B1
architect	noun	3178	B1
sandwich	noun	3179	B1
clay	noun	3180	B1
specialize	verb	3181	B1
genre	noun	3182	B1
devote	verb	3183	B1
extract	verb	3184	B1
quest	noun	3185	B1
outlet	noun	3186	B1
bleed	verb	3187	B1
intent	noun	3188	B1
spectrum	noun	3189	B1
particle	noun	3190	B1
collective	adj	3191	B1
cooperation	noun	3192	B1
darkness	noun	3193	B1
hardware	noun	3194	B1
involvement	noun	3195	B1
partly	adv	3196	B1
physically	adv	3197	B1
racial	adj	3198	B1
similarly	adv	3199	B1
talented	adj	3200	B1
wisdom	noun	3201	B1
icon	noun	3202	B1
surgeon	noun	3203	B1
dependent	adj	3204	B1
perception	noun	3205	B1
tactic	noun	3206	B1
rub	verb	3207	B1
noble	adj	3208	B1
copyright	noun	3209	B1
admission	noun	3210	B1
medication	noun	3211	B1
protocol	noun	3212	B1
scholarship	noun	3213	B1
heal	verb	3214	B1
seize	verb	3215	B1
prompt	verb	3216	B1
conversion	noun	3217	B1
arrow	noun	3218	B1
enforce	verb	3219	B1
echo	noun	3220	B1
proceeding	noun	3221	B1
dip	verb	3222	B1
cease	verb	3223	B1
companion	noun	3224	B1
rage	noun	3225	B1
tribute	noun	3226	B1
sweat	noun	3227	B1
bloody	adj	3228	B1
canal	noun	3229	B1
pirate	noun	3230	B1
guideline	noun	3231	B1
dot	noun	3232	B1
scope	noun	3233	B1
aunt	noun	3234	B1
grip	noun	3235	B1
accounting	noun	3236	B1
awkward	adj	3237	B1
beef	noun	3238	B1
distinct	adj	3239	B1
eligible	adj	3240	B1
furniture	noun	3241	B1
intelligent	adj	3242	B1
overseas	adv	3243	B1
reliable	adj	3244	B1
remarkable	adj	3245	B1
worthy	adj	3246	B1
thrill	noun	3247	B1
reflection	noun	3248	B1
trophy	noun	3249	B1
criticize	verb	3250	B1
absorb	verb	3251	B1
chick	noun	3252	B1
supplement	noun	3253	B1
hike	noun	3254	B1
emperor	noun	3255	B1
conspiracy	noun	3256	B1
hood	noun	3257	B1
strict	adj	3258	B1
span	noun	3259	B1
brake	noun	3260	B1
slice	noun	3261	B1
tablet	noun	3262	B1
competitor	noun	3263	B1
activate	verb	3264	B1
laser	noun	3265	B1
ingredient	noun	3266	B1
pad	noun	3267	B1
reign	verb	3268	B1
bin	noun	3269	B1
fade	verb	3270	B1
insert	verb	3271	B1
miracle	noun	3272	B1
wealthy	adj	3273	B1
mineral	noun	3274	B1
motivation	noun	3275	B1
oak	noun	3276	B1
patrol	noun	3277	B1
retreat	verb	3278	B1
throne	noun	3279	B1
heel	noun	3280	B1
garage	noun	3281	B1
boil	verb	3282	B1
amateur	noun	3283	B1
criterion	noun	3284	B1
merchant	noun	3285	B1
fulfill	verb	3286	B1
bold	adj	3287	B1
whip	noun	3288	B1
terror	noun	3289	B1
forecast	noun	3290	B1
bass	noun	3291	B1
crucial	adj	3292	B1
dual	adj	3293	B1
experimental	adj	3294	B1
gulf	noun	3295	B1
peaceful	adj	3296	B1
prevention	noun	3297	B1
publicly	adv	3298	B1
revenge	noun	3299	B1
tourism	noun	3300	B1
suspension	noun	3301	B1
induce	verb	3302	B1
monkey	noun	3303	B1
quantity	noun	3304	B1
consultant	noun	3305	B1
phenomenon	noun	3306	B1
pepper	noun	3307	B1
breach	noun	3308	B1
scout	noun	3309	B1
federation	noun	3310	B1
premiere	noun	3311	B1
deem	verb	3312	B1
conviction	noun	3313	B1
borrow	verb	3314	B1
evaluation	noun	3315	B1
behave	verb	3316	B1
initiate	verb	3317	B1
stab	verb	3318	B1
certify	verb	3319	B1
administrator	noun	3320	B1
bounce	verb	3321	B1
classroom	noun	3322	B1
gamble	verb	3323	B1
helicopter	noun	3324	B1
transformation	noun	3325	B1
interact	verb	3326	B1
condemn	verb	3327	B1
renew	verb	3328	B1
acceptable	adj	3329	B1
chaos	noun	3330	B1
copper	noun	3331	B1
earnings	noun	3332	B1
hilarious	adj	3333	B1
psychological	adj	3334	B1
radiation	noun	3335	B1
wherever	conj	3336	B1
occupation	noun	3337	B1
villa	noun	3338	B1
bump	verb	3339	B1
interpret	verb	3340	B1
jar	noun	3341	B1
sack	noun	3342	B1
penny	noun	3343	B1
surrender	verb	3344	B1
invasion	noun	3345	B1
utilize	verb	3346	B1
departure	noun	3347	B1
elephant	noun	3348	B1
baker	noun	3349	B1
deploy	verb	3350	B1
reception	noun	3351	B1
cinema	noun	3352	B1
nomination	noun	3353	B1
revise	verb	3354	B1
euro	noun	3355	B1
accent	noun	3356	B1
apology	noun	3357	B1
earthquake	noun	3358	B1
controller	noun	3359	B1
terrify	verb	3360	B1
taxi	noun	3361	B1
suite	noun	3362	B1
grind	verb	3363	B1
anime	noun	3364	B1
autumn	noun	3365	B1
classical	adj	3366	B1
equality	noun	3367	B1
fiscal	adj	3368	B1
homeless	adj	3369	B1
mainstream	noun	3370	B1
mutual	adj	3371	B1
oral	adj	3372	B1
virtually	adv	3373	B1
bud	noun	3374	B1
explode	verb	3375	B1
coalition	noun	3376	B1
lesbian	noun	3377	B1
dam	noun	3378	B1
notion	noun	3379	B1
spoil	verb	3380	B1
liability	noun	3381	B1
inspection	noun	3382	B1
rumor	noun	3383	B1
neutral	adj	3384	B1
grandfather	noun	3385	B1
arc	noun	3386	B1
sketch	noun	3387	B1
scandal	noun	3388	B1
nest	noun	3389	B1
disagree	verb	3390	B1
container	noun	3391	B1
exploit	verb	3392	B1
ceiling	noun	3393	B1
doll	noun	3394	B1
serial	adj	3395	B1
dine	verb	3396	B1
stir	verb	3397	B1
prediction	noun	3398	B1
cowboy	noun	3399	B1
flavor	noun	3400	B1
considerable	adj	3401	B1
conventional	adj	3402	B1
enormous	adj	3403	B1
lonely	adj	3404	B1
mercy	noun	3405	B1
nevertheless	adv	3406	B1
outer	adj	3407	B1
oxygen	noun	3408	B1
racism	noun	3409	B1
rude	adj	3410	B1
slap	verb	3411	B1
pledge	verb	3412	B1
prohibit	verb	3413	B1
syndrome	noun	3414	B1
dancer	noun	3415	B1
entrepreneur	noun	3416	B1
parade	noun	3417	B1
confront	verb	3418	B1
rod	noun	3419	B1
imagination	noun	3420	B1
authorize	verb	3421	B1
corrupt	adj	3422	B1
myth	noun	3423	B1
analyst	noun	3424	B1
backup	noun	3425	B1
excess	noun	3426	B1
compel	verb	3427	B1
verify	verb	3428	B1
cartoon	noun	3429	B1
demonstration	noun	3430	B1
admire	verb	3431	B1
carpet	noun	3432	B1
disc	noun	3433	B1
tier	noun	3434	B1
proportion	noun	3435	B1
ion	noun	3436	B1
animation	noun	3437	B1
casino	noun	3438	B1
valve	noun	3439	B1
accuracy	noun	3440	B1
artificial	adj	3441	B1
beneath	prep	3442	B1
consistently	adv	3443	B1
dirt	noun	3444	B1
diverse	adj	3445	B1
divine	adj	3446	B1
exclusively	adv	3447	B1
formerly	adv	3448	B1
functional	adj	3449	B1
jealous	adj	3450	B1
lazy	adj	3451	B1
municipal	adj	3452	B1
naval	adj	3453	B1
popularity	noun	3454	B1
sacred	adj	3455	B1
terrorism	noun	3456	B1
toxic	adj	3457	B1
treasury	noun	3458	B1
facilitate	verb	3459	B1
cage	noun	3460	B1
infect	verb	3461	B1
commentary	noun	3462	B1
forbid	verb	3463	B1
counsel	noun	3464	B1
pearl	noun	3465	B1
trainer	noun	3466	B1
feminist	noun	3467	B1
tan	noun	3468	B1
rebuild	verb	3469	B1
await	verb	3470	B1
relieve	verb	3471	B1
elder	noun	3472	B1
inning	noun	3473	B1
completion	noun	3474	B1
banner	noun	3475	B1
cliff	noun	3476	B1
seller	noun	3477	B1
fever	noun	3478	B1
podcast	noun	3479	B1
blessing	noun	3480	B1
pioneer	noun	3481	B1
premise	noun	3482	B1
toss	verb	3483	B1
dock	noun	3484	B1
constitute	verb	3485	B1
blend	verb	3486	B1
cherry	noun	3487	B1
burger	noun	3488	B1
actively	adv	3489	B1
casual	adj	3490	B1
controversial	adj	3491	B1
differently	adv	3492	B1
dominant	adj	3493	B1
furthermore	adv	3494	B1
healing	noun	3495	B1
instantly	adv	3496	B1
legendary	adj	3497	B1
outdoor	adj	3498	B1
pole	noun	3499	B1
regulatory	adj	3500	B1
rubber	noun	3501	B1
subsequently	adv	3502	B1
unexpected	adj	3503	B1
usage	noun	3504	B1
anchor	noun	3505	B1
receiver	noun	3506	B1
wreck	noun	3507	B1
witch	noun	3508	B1
forty	det	3509	B1
algorithm	noun	3510	B1
incentive	noun	3511	B1
gospel	noun	3512	B1
bolt	noun	3513	B1
profession	noun	3514	B1
submission	noun	3515	B1
lobby	noun	3516	B1
cluster	noun	3517	B1
pronounce	verb	3518	B1
loser	noun	3519	B1
shave	verb	3520	B1
sensor	noun	3521	B1
alternate	adj	3522	B1
lodge	verb	3523	B1
statue	noun	3524	B1
emission	noun	3525	B1
exploration	noun	3526	B1
buzz	verb	3527	B1
rope	noun	3528	B1
merit	noun	3529	B1
escort	verb	3530	B1
soap	noun	3531	B1
chop	verb	3532	B1
classification	noun	3533	B1
defendant	noun	3534	B1
bacterium	noun	3535	B1
accidentally	adv	3536	B1
affordable	adj	3537	B1
biology	noun	3538	B1
briefly	adv	3539	B1
custody	noun	3540	B1
handsome	adj	3541	B1
integration	noun	3542	B1
integrity	noun	3543	B1
legitimate	adj	3544	B1
lightning	noun	3545	B1
magical	adj	3546	B1
nasty	adj	3547	B1
pleasant	adj	3548	B1
productive	adj	3549	B1
safely	adv	3550	B1
unemployment	noun	3551	B1
unity	noun	3552	B1
useless	adj	3553	B1
lamp	noun	3554	B1
radar	noun	3555	B1
spill	verb	3556	B1
diagnose	verb	3557	B1
jurisdiction	noun	3558	B1
lawsuit	noun	3559	B1
deadly	adj	3560	B1
unlock	verb	3561	B1
grid	noun	3562	B1
wallet	noun	3563	B1
teammate	noun	3564	B1
bake	verb	3565	B1
visa	noun	3566	B1
blanket	noun	3567	B1
portfolio	noun	3568	B1
screening	noun	3569	B1
revolutionary	adj	3570	B1
hurricane	noun	3571	B1
spur	noun	3572	B1
diary	noun	3573	B1
sanction	noun	3574	B1
invitation	noun	3575	B1
mixture	noun	3576	B1
equation	noun	3577	B1
limitation	noun	3578	B1
discharge	noun	3579	B1
glove	noun	3580	B1
flaw	noun	3581	B1
corn	noun	3582	B1
filling	noun	3583	B1
legislature	noun	3584	B1
insect	noun	3585	B1
implication	noun	3586	B1
rap	noun	3587	B1
bitter	adj	3588	B1
clever	adj	3589	B1
continuous	adj	3590	B1
correctly	adv	3591	B1
gradually	adv	3592	B1
gravity	noun	3593	B1
identical	adj	3594	B1
imperial	adj	3595	B1
legally	adv	3596	B1
nonsense	noun	3597	B1
operational	adj	3598	B1
repeatedly	adv	3599	B1
slavery	noun	3600	B1
vulnerable	adj	3601	B1
testimony	noun	3602	B1
testify	verb	3603	B1
salad	noun	3604	B1
grocery	noun	3605	B1
interface	noun	3606	B1
overlook	verb	3607	B1
undertake	verb	3608	B1
audit	noun	3609	B1
mandate	noun	3610	B1
sneak	verb	3611	B1
distract	verb	3612	B1
endure	verb	3613	B1
destiny	noun	3614	B1
drone	noun	3615	B1
rabbit	noun	3616	B1
hawk	noun	3617	B1
resemble	verb	3618	B1
cabin	noun	3619	B1
loyalty	noun	3620	B1
orient	verb	3621	B1
basement	noun	3622	B1
puzzle	noun	3623	B1
pine	noun	3624	B1
steer	verb	3625	B1
offend	verb	3626	B1
slope	noun	3627	B1
beard	noun	3628	B1
snack	noun	3629	B1
haunt	verb	3630	B1
humble	adj	3631	B1
additionally	adv	3632	B1
bronze	noun	3633	B1
chronic	adj	3634	B1
diagnosis	noun	3635	B1
eighth	adj	3636	B1
flesh	noun	3637	B1
generous	adj	3638	B1
loyal	adj	3639	B1
marijuana	noun	3640	B1
mentally	adv	3641	B1
patience	noun	3642	B1
pollution	noun	3643	B1
precisely	adv	3644	B1
solely	adv	3645	B1
transit	noun	3646	B1
wireless	adj	3647	B1
yoga	noun	3648	B1
ballot	noun	3649	B1
fiber	noun	3650	B1
starter	noun	3651	B1
sheriff	noun	3652	B1
transmit	verb	3653	B1
fabric	noun	3654	B1
harbor	noun	3655	B1
depart	verb	3656	B1
abstract	adj	3657	B1
vaccine	noun	3658	B1
tragedy	noun	3659	B1
liver	noun	3660	B1
illustration	noun	3661	B1
cheek	noun	3662	B1
widow	noun	3663	B1
goat	noun	3664	B1
harvest	verb	3665	B1
swallow	verb	3666	B1
marathon	noun	3667	B1
stain	verb	3668	B1
couch	noun	3669	B1
dressing	noun	3670	B1
warehouse	noun	3671	B1
timeline	noun	3672	B1
blank	adj	3673	B1
stair	noun	3674	B1
assemble	verb	3675	B1
portray	verb	3676	B1
bombing	noun	3677	B1
administer	verb	3678	B1
deadline	noun	3679	B1
suburb	noun	3680	B1
roast	verb	3681	B1
gentle	adj	3682	B1
infant	noun	3683	B1
reinforce	verb	3684	B1
disclose	verb	3685	B1
opt	verb	3686	B1
explosive	adj	3687	B1
console	verb	3688	B1
bulk	noun	3689	B1
cargo	noun	3690	B1
census	noun	3691	B1
coastal	adj	3692	B1
confusion	noun	3693	B1
congressional	adj	3694	B1
distant	adj	3695	B1
electronics	noun	3696	B1
emphasis	noun	3697	B1
ethics	noun	3698	B1
excitement	noun	3699	B1
humor	noun	3700	B1
overnight	adj	3701	B1
partially	adv	3702	B1
practically	adv	3703	B1
respective	adj	3704	B1
sandy	adj	3705	B1
sheep	noun	3706	B1
situate	verb	3707	B1
sustainable	adj	3708	B1
tobacco	noun	3709	B1
uncomfortable	adj	3710	B1
widespread	adj	3711	B1
reminder	noun	3712	B1
indication	noun	3713	B1
adoption	noun	3714	B1
whale	noun	3715	B1
pursuit	noun	3716	B1
ridge	noun	3717	B1
inventory	noun	3718	B1
soup	noun	3719	B1
rookie	noun	3720	B1
emphasize	verb	3721	B1
tender	adj	3722	B1
recipient	noun	3723	B1
depict	verb	3724	B1
continent	noun	3725	B1
sibling	noun	3726	B1
artwork	noun	3727	B1
keyboard	noun	3728	B1
comply	verb	3729	B1
pulse	noun	3730	B1
closure	noun	3731	B1
hybrid	noun	3732	B1
rental	adj	3733	B1
awake	adj	3734	B1
tent	noun	3735	B1
password	noun	3736	B1
marvel	verb	3737	B1
swell	verb	3738	B1
allegation	noun	3739	B1
hurry	verb	3740	B1
qualification	noun	3741	B1
fig	noun	3742	B1
zoo	noun	3743	B1
ritual	noun	3744	B1
accessible	adj	3745	B1
advisory	adj	3746	B1
conscious	adj	3747	B1
consecutive	adj	3748	B1
endless	adj	3749	B1
garbage	noun	3750	B1
heating	noun	3751	B1
identification	noun	3752	B1
metro	noun	3753	B1
metropolitan	adj	3754	B1
parliamentary	adj	3755	B1
sadly	adv	3756	B1
significance	noun	3757	B1
structural	adj	3758	B1
tropical	adj	3759	B1
unnecessary	adj	3760	B1
vintage	adj	3761	B1
thumb	noun	3762	B1
compliment	noun	3763	B1
pause	verb	3764	B1
fitting	adj	3765	B1
donor	noun	3766	B1
indicator	noun	3767	B1
reservation	noun	3768	B1
determination	noun	3769	B1
addiction	noun	3770	B1
squeeze	verb	3771	B1
supplier	noun	3772	B1
arch	noun	3773	B1
tomato	noun	3774	B1
banana	noun	3775	B1
subscribe	verb	3776	B1
skate	noun	3777	B1
delegate	verb	3778	B1
parish	noun	3779	B1
wander	verb	3780	B1
harsh	adj	3781	B1
bucket	noun	3782	B1
embassy	noun	3783	B1
migration	noun	3784	B1
clash	noun	3785	B1
probe	noun	3786	B1
motorcycle	noun	3787	B1
spike	noun	3788	B1
trader	noun	3789	B1
hype	noun	3790	B1
anonymous	adj	3791	B1
artistic	adj	3792	B1
attendance	noun	3793	B1
aviation	noun	3794	B1
beloved	adj	3795	B1
colonial	adj	3796	B1
compliance	noun	3797	B1
contrary	adj	3798	B1
diabetes	noun	3799	B1
grammar	noun	3800	B1
lens	noun	3801	B1
magnetic	adj	3802	B1
mysterious	adj	3803	B1
partial	adj	3804	B1
propaganda	noun	3805	B1
simultaneously	adv	3806	B1
surveillance	noun	3807	B1
underlie	verb	3808	B1
unfair	adj	3809	B1
scrap	noun	3810	B1
grandmother	noun	3811	B1
graph	noun	3812	B1
skull	noun	3813	B1
elevate	verb	3814	B1
thunder	noun	3815	B1
horizon	noun	3816	B1
scar	noun	3817	B1
puppy	noun	3818	B1
deficit	noun	3819	B1
closet	noun	3820	B1
distinction	noun	3821	B1
orbit	noun	3822	B1
vampire	noun	3823	B1
glow	verb	3824	B1
foul	adj	3825	B1
zombie	noun	3826	B1
invention	noun	3827	B1
subscription	noun	3828	B1
basket	noun	3829	B1
needle	noun	3830	B1
swap	verb	3831	B1
historian	noun	3832	B1
olive	noun	3833	B1
array	noun	3834	B1
lemon	noun	3835	B1
specification	noun	3836	B1
whisper	verb	3837	B1
hub	noun	3838	B1
compile	verb	3839	B1
passport	noun	3840	B1
dash	noun	3841	B1
accommodation	noun	3842	B1
advisor	noun	3843	B1
confess	verb	3844	B1
booth	noun	3845	B1
patriot	noun	3846	B1
haven	noun	3847	B1
endorse	verb	3848	B1
acceptance	noun	3849	B1
annually	adv	3850	B1
indigenous	adj	3851	B1
infinite	adj	3852	B1
moreover	adv	3853	B1
ours	pron	3854	B1
paradise	noun	3855	B1
preliminary	adj	3856	B1
presidency	noun	3857	B1
realistic	adj	3858	B1
rocky	adj	3859	B1
satisfaction	noun	3860	B1
shy	adj	3861	B1
sometime	adv	3862	B1
strictly	adv	3863	B1
sunshine	noun	3864	B1
helmet	noun	3865	B1
fork	noun	3866	B1
cafe	noun	3867	B1
collector	noun	3868	B1
paragraph	noun	3869	B1
trauma	noun	3870	B1
mock	verb	3871	B1
leap	verb	3872	B1
sleeve	noun	3873	B1
bride	noun	3874	B1
buffalo	noun	3875	B1
theft	noun	3876	B1
accommodate	verb	3877	B1
investigator	noun	3878	B1
taxpayer	noun	3879	B1
realm	noun	3880	B1
scatter	verb	3881	B1
interrupt	verb	3882	B1
declaration	noun	3883	B1
curriculum	noun	3884	B1
creep	verb	3885	B1
norm	noun	3886	B1
sentiment	noun	3887	B1
expire	verb	3888	B1
grill	noun	3889	B1
distress	noun	3890	B1
adjustment	noun	3891	B1
candle	noun	3892	B1
showcase	noun	3893	B1
instructor	noun	3894	B1
tide	noun	3895	B1
harmony	noun	3896	B1
hail	noun	3897	B1
pastor	noun	3898	B1
jungle	noun	3899	B1
breakdown	noun	3900	B1
bacon	noun	3901	B1
cattle	noun	3902	B1
convenient	adj	3903	B1
elderly	adj	3904	B1
mathematics	noun	3905	B1
productivity	noun	3906	B1
quietly	adv	3907	B1
southeast	noun	3908	B1
swift	adj	3909	B1
urgent	adj	3910	B1
vertical	adj	3911	B1
vitamin	noun	3912	B1
headache	noun	3913	B1
ink	noun	3914	B1
streak	noun	3915	B1
reside	verb	3916	B1
motive	noun	3917	B1
fairy	noun	3918	B1
toll	noun	3919	B1
trait	noun	3920	B1
observer	noun	3921	B1
accelerate	verb	3922	B1
fare	noun	3923	B1
mild	adj	3924	B1
rhythm	noun	3925	B1
retailer	noun	3926	B1
merge	verb	3927	B1
remedy	noun	3928	B1
editorial	noun	3929	B1
ham	noun	3930	B1
hazard	noun	3931	B1
bundle	noun	3932	B1
performer	noun	3933	B1
characterize	verb	3934	B1
withdrawal	noun	3935	B1
basin	noun	3936	B1
correction	noun	3937	B1
kidney	noun	3938	B1
aboard	adv	3939	B1
duration	noun	3940	B1
fifteen	det	3941	B1
immune	adj	3942	B1
inflation	noun	3943	B1
intensity	noun	3944	B1
judicial	adj	3945	B1
logical	adj	3946	B1
meaningful	adj	3947	B1
northwest	noun	3948	B1
statistical	adj	3949	B1
teenage	adj	3950	B1
wrestling	noun	3951	B1
obsess	verb	3952	B1
onion	noun	3953	B1
monk	noun	3954	B1
bomber	noun	3955	B1
meme	noun	3956	B1
persuade	verb	3957	B1
animate	verb	3958	B1
interfere	verb	3959	B1
parameter	noun	3960	B1
cult	noun	3961	B1
cough	verb	3962	B1
workout	noun	3963	B1
neglect	verb	3964	B1
nominee	noun	3965	B1
drift	verb	3966	B1
plead	verb	3967	B1
pipeline	noun	3968	B1
sergeant	noun	3969	B1
badge	noun	3970	B1
savage	adj	3971	B1
halt	verb	3972	B1
node	noun	3973	B1
tenant	noun	3974	B1
trim	verb	3975	B1
vet	noun	3976	B1
rotation	noun	3977	B1
migrant	noun	3978	B1
invade	verb	3979	B1
gut	noun	3980	B1
gig	noun	3981	B1
elaborate	adj	3982	B1
ore	noun	3983	B1
tumor	noun	3984	B1
silk	noun	3985	B1
scroll	verb	3986	B1
accordance	noun	3987	B1
alike	adj	3988	B1
applicable	adj	3989	B1
availability	noun	3990	B1
chancellor	noun	3991	B1
consciousness	noun	3992	B1
courtesy	noun	3993	B1
fascinating	adj	3994	B1
financing	noun	3995	B1
flexible	adj	3996	B1
goodness	noun	3997	B1
guilt	noun	3998	B1
homework	noun	3999	B1
iconic	adj	4000	B1
keen	adj	4001	B2
lesser	adj	4002	B2
mandatory	adj	4003	B2
mechanics	noun	4004	B2
mere	adj	4005	B2
mud	noun	4006	B2
precise	adj	4007	B2
protective	adj	4008	B2
reportedly	adv	4009	B2
separation	noun	4010	B2
sexually	adv	4011	B2
restoration	noun	4012	B2
roster	noun	4013	B2
bankruptcy	noun	4014	B2
skirt	noun	4015	B2
layout	noun	4016	B2
summon	verb	4017	B2
descend	verb	4018	B2
butterfly	noun	4019	B2
trunk	noun	4020	B2
pal	noun	4021	B2
belly	noun	4022	B2
sigh	verb	4023	B2
builder	noun	4024	B2
turtle	noun	4025	B2
tempt	verb	4026	B2
keeper	noun	4027	B2
liar	noun	4028	B2
bail	verb	4029	B2
mentor	noun	4030	B2
haul	verb	4031	B2
subscriber	noun	4032	B2
spice	noun	4033	B2
rainbow	noun	4034	B2
decorate	verb	4035	B2
choke	verb	4036	B2
matrix	noun	4037	B2
prosecution	noun	4038	B2
stall	noun	4039	B2
fossil	noun	4040	B2
spit	verb	4041	B2
cannon	noun	4042	B2
originate	verb	4043	B2
receipt	noun	4044	B2
notify	verb	4045	B2
tab	noun	4046	B2
adjacent	adj	4047	B2
appreciation	noun	4048	B2
athletic	adj	4049	B2
cruel	adj	4050	B2
deer	noun	4051	B2
delta	noun	4052	B2
electoral	adj	4053	B2
eleven	det	4054	B2
excessive	adj	4055	B2
jewelry	noun	4056	B2
journalism	noun	4057	B2
linear	adj	4058	B2
occasional	adj	4059	B2
unfortunate	adj	4060	B2
jaw	noun	4061	B2
accessory	noun	4062	B2
towel	noun	4063	B2
uncertainty	noun	4064	B2
calculation	noun	4065	B2
economist	noun	4066	B2
cemetery	noun	4067	B2
collar	noun	4068	B2
setup	noun	4069	B2
injection	noun	4070	B2
applicant	noun	4071	B2
generator	noun	4072	B2
prosecutor	noun	4073	B2
broker	noun	4074	B2
troll	noun	4075	B2
berry	noun	4076	B2
gem	noun	4077	B2
rotate	verb	4078	B2
darling	noun	4079	B2
firearm	noun	4080	B2
prophet	noun	4081	B2
tendency	noun	4082	B2
refresh	verb	4083	B2
molecule	noun	4084	B2
shareholder	noun	4085	B2
texture	noun	4086	B2
consultation	noun	4087	B2
touchdown	noun	4088	B2
spam	noun	4089	B2
preach	verb	4090	B2
inn	noun	4091	B2
notification	noun	4092	B2
cognitive	adj	4093	B2
dental	adj	4094	B2
diplomatic	adj	4095	B2
eternal	adj	4096	B2
generic	adj	4097	B2
grandma	noun	4098	B2
handful	noun	4099	B2
happily	adv	4100	B2
locally	adv	4101	B2
minimal	adj	4102	B2
molecular	adj	4103	B2
noon	noun	4104	B2
nowadays	adv	4105	B2
openly	adv	4106	B2
overview	noun	4107	B2
pathetic	adj	4108	B2
selfish	adj	4109	B2
oven	noun	4110	B2
prop	noun	4111	B2
slim	adj	4112	B2
bout	noun	4113	B2
thesis	noun	4114	B2
monument	noun	4115	B2
blogger	noun	4116	B2
obstacle	noun	4117	B2
placement	noun	4118	B2
bloom	verb	4119	B2
manuscript	noun	4120	B2
module	noun	4121	B2
rack	noun	4122	B2
pale	adj	4123	B2
revelation	noun	4124	B2
inherit	verb	4125	B2
wrist	noun	4126	B2
tick	noun	4127	B2
terminate	verb	4128	B2
clarify	verb	4129	B2
ideology	noun	4130	B2
dissolve	verb	4131	B2
assert	verb	4132	B2
prescription	noun	4133	B2
adviser	noun	4134	B2
disk	noun	4135	B2
duo	noun	4136	B2
printer	noun	4137	B2
wizard	noun	4138	B2
amend	verb	4139	B2
marker	noun	4140	B2
ambulance	noun	4141	B2
cylinder	noun	4142	B2
vector	noun	4143	B2
diameter	noun	4144	B2
ancestor	noun	4145	B2
habitat	noun	4146	B2
scam	noun	4147	B2
adaptation	noun	4148	B2
supervisor	noun	4149	B2
enroll	verb	4150	B2
commodity	noun	4151	B2
commence	verb	4152	B2
brutal	adj	4153	B2
citizenship	noun	4154	B2
consensus	noun	4155	B2
facial	adj	4156	B2
faithful	adj	4157	B2
fatal	adj	4158	B2
genuinely	adv	4159	B2
hunger	noun	4160	B2
innovative	adj	4161	B2
laughter	noun	4162	B2
mighty	adj	4163	B2
monetary	adj	4164	B2
nutrition	noun	4165	B2
poorly	adv	4166	B2
purely	adv	4167	B2
seemingly	adv	4168	B2
severely	adv	4169	B2
southwest	noun	4170	B2
technically	adv	4171	B2
unlimited	adj	4172	B2
casualty	noun	4173	B2
cottage	noun	4174	B2
refund	noun	4175	B2
businessman	noun	4176	B2
nickname	noun	4177	B2
advertisement	noun	4178	B2
clause	noun	4179	B2
civilization	noun	4180	B2
balloon	noun	4181	B2
workplace	noun	4182	B2
conquer	verb	4183	B2
crawl	verb	4184	B2
modification	noun	4185	B2
ankle	noun	4186	B2
ambition	noun	4187	B2
ant	noun	4188	B2
surf	verb	4189	B2
stripe	noun	4190	B2
ladder	noun	4191	B2
pond	noun	4192	B2
starve	verb	4193	B2
hobby	noun	4194	B2
suspicion	noun	4195	B2
fracture	verb	4196	B2
align	verb	4197	B2
complexity	noun	4198	B2
cart	noun	4199	B2
decoration	noun	4200	B2
gram	noun	4201	B2
hormone	noun	4202	B2
rapper	noun	4203	B2
doom	verb	4204	B2
devastate	verb	4205	B2
strap	noun	4206	B2
inhabitant	noun	4207	B2
miner	noun	4208	B2
strand	noun	4209	B2
hostage	noun	4210	B2
anxious	adj	4211	B2
dairy	noun	4212	B2
governance	noun	4213	B2
importantly	adv	4214	B2
indoor	adj	4215	B2
influential	adj	4216	B2
invisible	adj	4217	B2
passionate	adj	4218	B2
surprisingly	adv	4219	B2
suspicious	adj	4220	B2
thoroughly	adv	4221	B2
vacuum	noun	4222	B2
fragment	noun	4223	B2
pillow	noun	4224	B2
convey	verb	4225	B2
dolphin	noun	4226	B2
hull	noun	4227	B2
vibe	noun	4228	B2
retrieve	verb	4229	B2
spouse	noun	4230	B2
stance	noun	4231	B2
ditch	noun	4232	B2
comedian	noun	4233	B2
prescribe	verb	4234	B2
lick	verb	4235	B2
successor	noun	4236	B2
lamb	noun	4237	B2
mob	noun	4238	B2
grasp	verb	4239	B2
clan	noun	4240	B2
configuration	noun	4241	B2
plea	noun	4242	B2
painter	noun	4243	B2
kidnap	verb	4244	B2
threshold	noun	4245	B2
subsidiary	noun	4246	B2
tolerance	noun	4247	B2
tile	noun	4248	B2
dye	noun	4249	B2
nephew	noun	4250	B2
weaken	verb	4251	B2
massage	noun	4252	B2
expedition	noun	4253	B2
bicycle	noun	4254	B2
sunset	noun	4255	B2
mansion	noun	4256	B2
vendor	noun	4257	B2
precede	verb	4258	B2
villain	noun	4259	B2
orientation	noun	4260	B2
clerk	noun	4261	B2
sculpture	noun	4262	B2
dislike	verb	4263	B2
merger	noun	4264	B2
therapist	noun	4265	B2
beneficial	adj	4266	B2
breeding	noun	4267	B2
butler	noun	4268	B2
comparable	adj	4269	B2
confirmation	noun	4270	B2
dynamics	noun	4271	B2
fabulous	adj	4272	B2
gently	adv	4273	B2
glorious	adj	4274	B2
grief	noun	4275	B2
historically	adv	4276	B2
inevitable	adj	4277	B2
overwhelming	adj	4278	B2
permanently	adv	4279	B2
provincial	adj	4280	B2
separately	adv	4281	B2
subtle	adj	4282	B2
tragic	adj	4283	B2
unbelievable	adj	4284	B2
underneath	prep	4285	B2
viral	adj	4286	B2
outbreak	noun	4287	B2
freshman	noun	4288	B2
portal	noun	4289	B2
dictionary	noun	4290	B2
ferry	noun	4291	B2
subway	noun	4292	B2
boo	verb	4293	B2
blonde	noun	4294	B2
bark	noun	4295	B2
simulation	noun	4296	B2
cloth	noun	4297	B2
comeback	noun	4298	B2
wit	noun	4299	B2
sympathy	noun	4300	B2
ruler	noun	4301	B2
champ	noun	4302	B2
faction	noun	4303	B2
probability	noun	4304	B2
banker	noun	4305	B2
worm	noun	4306	B2
lineup	noun	4307	B2
dodge	verb	4308	B2
stimulate	verb	4309	B2
tin	noun	4310	B2
disclosure	noun	4311	B2
stoke	verb	4312	B2
gesture	noun	4313	B2
thrive	verb	4314	B2
curtain	noun	4315	B2
roller	noun	4316	B2
automobile	noun	4317	B2
idol	noun	4318	B2
gauge	noun	4319	B2
deed	noun	4320	B2
cord	noun	4321	B2
steep	adj	4322	B2
soda	noun	4323	B2
nationalist	noun	4324	B2
altogether	adv	4325	B2
computing	noun	4326	B2
ethical	adj	4327	B2
excellence	noun	4328	B2
freely	adv	4329	B2
graduation	noun	4330	B2
hostile	adj	4331	B2
miserable	adj	4332	B2
momentum	noun	4333	B2
nationwide	adj	4334	B2
nicely	adv	4335	B2
ninth	adj	4336	B2
notable	adj	4337	B2
optical	adj	4338	B2
outlook	noun	4339	B2
petty	adj	4340	B2
quantum	noun	4341	B2
sunny	adj	4342	B2
testament	noun	4343	B2
tremendous	adj	4344	B2
defect	noun	4345	B2
cocktail	noun	4346	B2
ego	noun	4347	B2
virtue	noun	4348	B2
glance	noun	4349	B2
fur	noun	4350	B2
semester	noun	4351	B2
timber	noun	4352	B2
trustee	noun	4353	B2
manipulate	verb	4354	B2
dispatch	verb	4355	B2
dial	verb	4356	B2
clown	noun	4357	B2
shrink	verb	4358	B2
sailor	noun	4359	B2
vein	noun	4360	B2
chant	verb	4361	B2
dividend	noun	4362	B2
nod	verb	4363	B2
coupon	noun	4364	B2
triumph	noun	4365	B2
complication	noun	4366	B2
sequel	noun	4367	B2
axe	noun	4368	B2
plague	noun	4369	B2
bargain	noun	4370	B2
airplane	noun	4371	B2
disappointment	noun	4372	B2
straw	noun	4373	B2
shallow	adj	4374	B2
ranch	noun	4375	B2
intermediate	adj	4376	B2
instinct	noun	4377	B2
mislead	verb	4378	B2
doctrine	noun	4379	B2
verdict	noun	4380	B2
adorable	adj	4381	B2
allegedly	adv	4382	B2
ashamed	adj	4383	B2
compact	adj	4384	B2
detection	noun	4385	B2
expertise	noun	4386	B2
halfway	adv	4387	B2
independently	adv	4388	B2
intensive	adj	4389	B2
interactive	adj	4390	B2
intimate	adj	4391	B2
laundry	noun	4392	B2
martial	adj	4393	B2
northeast	noun	4394	B2
politically	adv	4395	B2
presumably	adv	4396	B2
rational	adj	4397	B2
spectacular	adj	4398	B2
technological	adj	4399	B2
temporarily	adv	4400	B2
traditionally	adv	4401	B2
unhappy	adj	4402	B2
landlord	noun	4403	B2
feat	noun	4404	B2
licence	noun	4405	B2
illusion	noun	4406	B2
chapel	noun	4407	B2
caution	noun	4408	B2
goddess	noun	4409	B2
weave	verb	4410	B2
pierce	verb	4411	B2
pistol	noun	4412	B2
frog	noun	4413	B2
voltage	noun	4414	B2
slaughter	verb	4415	B2
frighten	verb	4416	B2
steak	noun	4417	B2
collision	noun	4418	B2
elevator	noun	4419	B2
pencil	noun	4420	B2
curl	verb	4421	B2
soak	verb	4422	B2
revive	verb	4423	B2
offset	noun	4424	B2
fisher	noun	4425	B2
disadvantage	noun	4426	B2
projection	noun	4427	B2
sprint	noun	4428	B2
shortage	noun	4429	B2
protester	noun	4430	B2
certification	noun	4431	B2
forge	verb	4432	B2
inclusion	noun	4433	B2
instruct	verb	4434	B2
greet	verb	4435	B2
preview	noun	4436	B2
peanut	noun	4437	B2
whistle	noun	4438	B2
township	noun	4439	B2
refine	verb	4440	B2
panther	noun	4441	B2
grove	noun	4442	B2
adequate	adj	4443	B2
brass	noun	4444	B2
diesel	noun	4445	B2
effectiveness	noun	4446	B2
exceptional	adj	4447	B2
frankly	adv	4448	B2
hatred	noun	4449	B2
ignorant	adj	4450	B2
majesty	noun	4451	B2
median	adj	4452	B2
medieval	adj	4453	B2
mobility	noun	4454	B2
someday	adv	4455	B2
static	adj	4456	B2
supportive	adj	4457	B2
surgical	adj	4458	B2
warfare	noun	4459	B2
fraction	noun	4460	B2
mat	noun	4461	B2
frontier	noun	4462	B2
convenience	noun	4463	B2
offender	noun	4464	B2
chew	verb	4465	B2
morale	noun	4466	B2
lawn	noun	4467	B2
orchestra	noun	4468	B2
barn	noun	4469	B2
frustration	noun	4470	B2
stitch	noun	4471	B2
dinosaur	noun	4472	B2
specimen	noun	4473	B2
cement	noun	4474	B2
resignation	noun	4475	B2
width	noun	4476	B2
frost	noun	4477	B2
erect	verb	4478	B2
vow	noun	4479	B2
clutch	noun	4480	B2
feather	noun	4481	B2
watt	noun	4482	B2
accusation	noun	4483	B2
processor	noun	4484	B2
empower	verb	4485	B2
variant	noun	4486	B2
rib	noun	4487	B2
suppress	verb	4488	B2
consolidate	verb	4489	B2
heir	noun	4490	B2
diminish	verb	4491	B2
aggregate	adj	4492	B2
confession	noun	4493	B2
drown	verb	4494	B2
aging	noun	4495	B2
authentic	adj	4496	B2
backwards	adv	4497	B2
cope	verb	4498	B2
creepy	adj	4499	B2
emotionally	adv	4500	B2
finale	noun	4501	B2
ignorance	noun	4502	B2
likewise	adv	4503	B2
magnificent	adj	4504	B2
mathematical	adj	4505	B2
meantime	noun	4506	B2
nonetheless	adv	4507	B2
recreation	noun	4508	B2
spite	noun	4509	B2
thermal	adj	4510	B2
pharmaceutical	adj	4511	B2
robbery	noun	4512	B2
tolerate	verb	4513	B2
den	noun	4514	B2
toast	verb	4515	B2
missionary	noun	4516	B2
intrigue	noun	4517	B2
repeal	verb	4518	B2
prevail	verb	4519	B2
bachelor	noun	4520	B2
amaze	verb	4521	B2
void	adj	4522	B2
boast	verb	4523	B2
atom	noun	4524	B2
rebound	verb	4525	B2
peel	verb	4526	B2
cub	noun	4527	B2
stark	adj	4528	B2
sore	adj	4529	B2
fixture	noun	4530	B2
cleaner	noun	4531	B2
metric	adj	4532	B2
bracket	noun	4533	B2
sixty	det	4534	B2
interval	noun	4535	B2
objection	noun	4536	B2
advertise	verb	4537	B2
rug	noun	4538	B2
enzyme	noun	4539	B2
oversee	verb	4540	B2
massacre	verb	4541	B2
wagon	noun	4542	B2
coup	noun	4543	B2
raven	noun	4544	B2
betray	verb	4545	B2
vault	noun	4546	B2
brace	verb	4547	B2
arctic	noun	4548	B2
cannabis	noun	4549	B2
dimensional	adj	4550	B2
eager	adj	4551	B2
essence	noun	4552	B2
junk	noun	4553	B2
modest	adj	4554	B2
navigation	noun	4555	B2
passive	adj	4556	B2
peninsula	noun	4557	B2
pork	noun	4558	B2
profitable	adj	4559	B2
reasonably	adv	4560	B2
remainder	noun	4561	B2
thereby	adv	4562	B2
tribal	adj	4563	B2
landmark	noun	4564	B2
vent	noun	4565	B2
speculation	noun	4566	B2
penguin	noun	4567	B2
sphere	noun	4568	B2
flush	verb	4569	B2
sting	noun	4570	B2
wade	verb	4571	B2
marble	noun	4572	B2
chronicle	noun	4573	B2
counterpart	noun	4574	B2
outrage	noun	4575	B2
traveler	noun	4576	B2
receptor	noun	4577	B2
referee	noun	4578	B2
predator	noun	4579	B2
denial	noun	4580	B2
hatch	verb	4581	B2
lottery	noun	4582	B2
vanish	verb	4583	B2
cathedral	noun	4584	B2
disposal	noun	4585	B2
admiral	noun	4586	B2
electron	noun	4587	B2
feast	noun	4588	B2
practitioner	noun	4589	B2
striker	noun	4590	B2
wax	noun	4591	B2
terrace	noun	4592	B2
raider	noun	4593	B2
herald	noun	4594	B2
accomplishment	noun	4595	B2
stumble	verb	4596	B2
limb	noun	4597	B2
regiment	noun	4598	B2
predecessor	noun	4599	B2
exile	noun	4600	B2
temper	noun	4601	B2
accumulate	verb	4602	B2
relay	noun	4603	B2
conceive	verb	4604	B2
accordingly	adv	4605	B2
aesthetic	adj	4606	B2
axis	noun	4607	B2
bizarre	adj	4608	B2
broadcasting	noun	4609	B2
continental	adj	4610	B2
deliberately	adv	4611	B2
dignity	noun	4612	B2
enthusiasm	noun	4613	B2
flexibility	noun	4614	B2
fridge	noun	4615	B2
fusion	noun	4616	B2
isolation	noun	4617	B2
machinery	noun	4618	B2
mercury	noun	4619	B2
namely	adv	4620	B2
pending	adj	4621	B2
platinum	noun	4622	B2
shelf	noun	4623	B2
utterly	adv	4624	B2
cab	noun	4625	B2
amuse	verb	4626	B2
digit	noun	4627	B2
textbook	noun	4628	B2
crane	noun	4629	B2
reservoir	noun	4630	B2
fist	noun	4631	B2
mold	noun	4632	B2
dense	adj	4633	B2
foreigner	noun	4634	B2
necessity	noun	4635	B2
stunt	noun	4636	B2
cater	verb	4637	B2
harbour	noun	4638	B2
porter	noun	4639	B2
inmate	noun	4640	B2
grape	noun	4641	B2
patron	noun	4642	B2
triangle	noun	4643	B2
herb	noun	4644	B2
mint	noun	4645	B2
gum	noun	4646	B2
lily	noun	4647	B2
curry	noun	4648	B2
citation	noun	4649	B2
proclaim	verb	4650	B2
stalk	verb	4651	B2
referendum	noun	4652	B2
clearance	noun	4653	B2
messenger	noun	4654	B2
quarterback	noun	4655	B2
spine	noun	4656	B2
corridor	noun	4657	B2
mosque	noun	4658	B2
antique	adj	4659	B2
compensate	verb	4660	B2
knot	noun	4661	B2
pathway	noun	4662	B2
intake	noun	4663	B2
reckon	verb	4664	B2
aluminum	noun	4665	B2
creativity	noun	4666	B2
delicate	adj	4667	B2
formally	adv	4668	B2
harassment	noun	4669	B2
liquor	noun	4670	B2
notably	adv	4671	B2
precision	noun	4672	B2
preservation	noun	4673	B2
privately	adv	4674	B2
salmon	noun	4675	B2
secretly	adv	4676	B2
sheer	adj	4677	B2
specially	adv	4678	B2
theoretical	adj	4679	B2
transparent	adj	4680	B2
upside	noun	4681	B2
voluntary	adj	4682	B2
wheat	noun	4683	B2
unveil	verb	4684	B2
ruby	noun	4685	B2
discourage	verb	4686	B2
tease	verb	4687	B2
canyon	noun	4688	B2
envelope	noun	4689	B2
splash	noun	4690	B2
uncover	verb	4691	B2
organism	noun	4692	B2
clone	noun	4693	B2
trek	noun	4694	B2
carve	verb	4695	B2
composite	noun	4696	B2
educator	noun	4697	B2
prey	noun	4698	B2
overlap	verb	4699	B2
roar	noun	4700	B2
audition	noun	4701	B2
hollow	adj	4702	B2
shipment	noun	4703	B2
vegan	noun	4704	B2
locker	noun	4705	B2
purse	noun	4706	B2
fountain	noun	4707	B2
reactor	noun	4708	B2
directory	noun	4709	B2
inequality	noun	4710	B2
minimize	verb	4711	B2
thigh	noun	4712	B2
coincidence	noun	4713	B2
sticker	noun	4714	B2
sew	verb	4715	B2
unify	verb	4716	B2
acute	adj	4717	B2
chin	noun	4718	B2
civic	adj	4719	B2
considerably	adv	4720	B2
crude	adj	4721	B2
distinctive	adj	4722	B2
firmly	adv	4723	B2
flour	noun	4724	B2
indirect	adj	4725	B2
institutional	adj	4726	B2
interim	adj	4727	B2
kindly	adj	4728	B2
kindness	noun	4729	B2
magnitude	noun	4730	B2
minus	prep	4731	B2
publicity	noun	4732	B2
recruitment	noun	4733	B2
silicon	noun	4734	B2
telegraph	noun	4735	B2
vinyl	noun	4736	B2
murderer	noun	4737	B2
token	noun	4738	B2
provoke	verb	4739	B2
undermine	verb	4740	B2
gallon	noun	4741	B2
attachment	noun	4742	B2
owl	noun	4743	B2
junction	noun	4744	B2
similarity	noun	4745	B2
shatter	verb	4746	B2
canvas	noun	4747	B2
cooler	noun	4748	B2
tomb	noun	4749	B2
psychologist	noun	4750	B2
cooperate	verb	4751	B2
correspondent	noun	4752	B2
oath	noun	4753	B2
contributor	noun	4754	B2
statute	noun	4755	B2
leverage	noun	4756	B2
scent	noun	4757	B2
depot	noun	4758	B2
composer	noun	4759	B2
curiosity	noun	4760	B2
brigade	noun	4761	B2
sensation	noun	4762	B2
shaft	noun	4763	B2
meditation	noun	4764	B2
lace	noun	4765	B2
attain	verb	4766	B2
startup	noun	4767	B2
esteem	noun	4768	B2
pier	noun	4769	B2
catalogue	noun	4770	B2
prosecute	verb	4771	B2
batch	noun	4772	B2
conceal	verb	4773	B2
spa	noun	4774	B2
paste	noun	4775	B2
commentator	noun	4776	B2
cosmetic	adj	4777	B2
hacker	noun	4778	B2
specialty	noun	4779	B2
lounge	noun	4780	B2
levy	verb	4781	B2
ounce	noun	4782	B2
accurately	adv	4783	B2
asylum	noun	4784	B2
bent	adj	4785	B2
consistency	noun	4786	B2
deaf	adj	4787	B2
evident	adj	4788	B2
freight	noun	4789	B2
honesty	noun	4790	B2
inappropriate	adj	4791	B2
instrumental	adj	4792	B2
interference	noun	4793	B2
interstate	adj	4794	B2
neat	adj	4795	B2
perfection	noun	4796	B2
quarterly	adj	4797	B2
rehabilitation	noun	4798	B2
resistant	adj	4799	B2
skinny	adj	4800	B2
uncertain	adj	4801	B2
reconstruction	noun	4802	B2
sensitivity	noun	4803	B2
altitude	noun	4804	B2
trademark	noun	4805	B2
surge	verb	4806	B2
vest	noun	4807	B2
tow	verb	4808	B2
disguise	noun	4809	B2
elevation	noun	4810	B2
allocate	verb	4811	B2
guild	noun	4812	B2
diagram	noun	4813	B2
memoir	noun	4814	B2
tricky	adj	4815	B2
hay	noun	4816	B2
dome	noun	4817	B2
explorer	noun	4818	B2
alcoholic	adj	4819	B2
runway	noun	4820	B2
embed	verb	4821	B2
erase	verb	4822	B2
simplify	verb	4823	B2
regain	verb	4824	B2
enact	verb	4825	B2
shepherd	noun	4826	B2
spear	noun	4827	B2
headphone	noun	4828	B2
absent	adj	4829	B2
acoustic	adj	4830	B2
atomic	adj	4831	B2
circus	noun	4832	B2
cocaine	noun	4833	B2
desperately	adv	4834	B2
financially	adv	4835	B2
furious	adj	4836	B2
geography	noun	4837	B2
hydrogen	noun	4838	B2
intact	adj	4839	B2
irrelevant	adj	4840	B2
oval	adj	4841	B2
pity	noun	4842	B2
seasonal	adj	4843	B2
sensible	adj	4844	B2
delegation	noun	4845	B2
deployment	noun	4846	B2
renewable	adj	4847	B2
sober	adj	4848	B2
tailor	verb	4849	B2
voyage	noun	4850	B2
municipality	noun	4851	B2
affection	noun	4852	B2
spoon	noun	4853	B2
soundtrack	noun	4854	B2
highland	noun	4855	B2
bra	noun	4856	B2
eighteen	det	4857	B2
colon	noun	4858	B2
binary	noun	4859	B2
sovereign	adj	4860	B2
greeting	noun	4861	B2
stud	noun	4862	B2
biography	noun	4863	B2
intersection	noun	4864	B2
ramp	noun	4865	B2
concede	verb	4866	B2
intervene	verb	4867	B2
elbow	noun	4868	B2
revision	noun	4869	B2
carriage	noun	4870	B2
philosopher	noun	4871	B2
melody	noun	4872	B2
mushroom	noun	4873	B2
seizure	noun	4874	B2
rebellion	noun	4875	B2
reunion	noun	4876	B2
booking	noun	4877	B2
allowance	noun	4878	B2
billboard	noun	4879	B2
scripture	noun	4880	B2
inject	verb	4881	B2
queue	noun	4882	B2
battlefield	noun	4883	B2
uphold	verb	4884	B2
ecosystem	noun	4885	B2
dentist	noun	4886	B2
fringe	noun	4887	B2
amber	noun	4888	B2
armor	noun	4889	B2
autism	noun	4890	B2
capitalism	noun	4891	B2
compatible	adj	4892	B2
continuously	adv	4893	B2
flooding	noun	4894	B2
fortunate	adj	4895	B2
fortunately	adv	4896	B2
geographic	adj	4897	B2
handy	adj	4898	B2
hardcore	adj	4899	B2
harmful	adj	4900	B2
hers	pron	4901	B2
inclusive	adj	4902	B2
madness	noun	4903	B2
memorable	adj	4904	B2
poker	noun	4905	B2
portable	adj	4906	B2
randomly	adv	4907	B2
sexuality	noun	4908	B2
succession	noun	4909	B2
superintendent	noun	4910	B2
tactical	adj	4911	B2
thereafter	adv	4912	B2
thorough	adj	4913	B2
tuition	noun	4914	B2
wholesale	adv	4915	B2
automate	verb	4916	B2
rim	noun	4917	B2
browser	noun	4918	B2
swamp	noun	4919	B2
obscure	verb	4920	B2
cube	noun	4921	B2
slate	noun	4922	B2
falcon	noun	4923	B2
sanctuary	noun	4924	B2
submarine	noun	4925	B2
blaze	noun	4926	B2
crow	noun	4927	B2
tenth	adj	4928	B2
believer	noun	4929	B2
bot	noun	4930	B2
cone	noun	4931	B2
replay	verb	4932	B2
bunny	noun	4933	B2
postpone	verb	4934	B2
packet	noun	4935	B2
dictate	verb	4936	B2
tutorial	noun	4937	B2
confine	verb	4938	B2
constituent	noun	4939	B2
militia	noun	4940	B2
groom	noun	4941	B2
toddler	noun	4942	B2
boycott	verb	4943	B2
goose	noun	4944	B2
marshal	noun	4945	B2
legion	noun	4946	B2
velocity	noun	4947	B2
irritate	verb	4948	B2
desktop	noun	4949	B2
subsidy	noun	4950	B2
disrupt	verb	4951	B2
architectural	adj	4952	B2
artillery	noun	4953	B2
circular	adj	4954	B2
circulation	noun	4955	B2
conscience	noun	4956	B2
countless	adj	4957	B2
dedication	noun	4958	B2
detention	noun	4959	B2
explicit	adj	4960	B2
explicitly	adv	4961	B2
flu	noun	4962	B2
infantry	noun	4963	B2
integral	adj	4964	B2
lightly	adv	4965	B2
maritime	adj	4966	B2
packaging	noun	4967	B2
polar	adj	4968	B2
renowned	adj	4969	B2
socially	adv	4970	B2
substantially	adv	4971	B2
superb	adj	4972	B2
supposedly	adv	4973	B2
theirs	pron	4974	B2
underwear	noun	4975	B2
viable	adj	4976	B2
waist	noun	4977	B2
shove	verb	4978	B2
prototype	noun	4979	B2
tenure	noun	4980	B2
juvenile	adj	4981	B2
vine	noun	4982	B2
poke	verb	4983	B2
baron	noun	4984	B2
royalty	noun	4985	B2
stimulus	noun	4986	B2
coordinator	noun	4987	B2
thriller	noun	4988	B2
fierce	adj	4989	B2
swan	noun	4990	B2
reef	noun	4991	B2
umbrella	noun	4992	B2
peach	noun	4993	B2
seminar	noun	4994	B2
charger	noun	4995	B2
lender	noun	4996	B2
decree	noun	4997	B2
burial	noun	4998	B2
manifest	verb	4999	B2
maid	noun	5000	B2
anthem	noun	5001	B2
cue	noun	5002	B2
overwhelm	verb	5003	B2
hypothesis	noun	5004	B2
surpass	verb	5005	B2
stereotype	noun	5006	B2
policeman	noun	5007	B2
blink	verb	5008	B2
prejudice	noun	5009	B2
inspect	verb	5010	B2
mourn	verb	5011	B2
flirt	verb	5012	B2
faint	adj	5013	B2
pharmacy	noun	5014	B2
drought	noun	5015	B2
pitcher	noun	5016	B2
corpse	noun	5017	B2
presume	verb	5018	B2
absurd	adj	5019	B2
ambitious	adj	5020	B2
ballet	noun	5021	B2
compassion	noun	5022	B2
documentation	noun	5023	B2
dramatically	adv	5024	B2
elegant	adj	5025	B2
homeland	noun	5026	B2
internationally	adv	5027	B2
lame	adj	5028	B2
mainland	noun	5029	B2
philosophical	adj	5030	B2
plasma	noun	5031	B2
rhetoric	noun	5032	B2
salvation	noun	5033	B2
secular	adj	5034	B2
sixteen	det	5035	B2
synthetic	adj	5036	B2
tense	adj	5037	B2
wilderness	noun	5038	B2
roommate	noun	5039	B2
header	noun	5040	B2
glue	verb	5041	B2
obey	verb	5042	B2
beverage	noun	5043	B2
flavour	noun	5044	B2
nap	noun	5045	B2
distraction	noun	5046	B2
enlist	verb	5047	B2
knit	verb	5048	B2
decay	noun	5049	B2
derivative	noun	5050	B2
mutation	noun	5051	B2
incline	verb	5052	B2
marsh	noun	5053	B2
puppet	noun	5054	B2
sync	verb	5055	B2
scrub	verb	5056	B2
expenditure	noun	5057	B2
dessert	noun	5058	B2
bead	noun	5059	B2
mortal	adj	5060	B2
tribunal	noun	5061	B2
hut	noun	5062	B2
thrust	verb	5063	B2
shuttle	verb	5064	B2
refuge	noun	5065	B2
antenna	noun	5066	B2
conductor	noun	5067	B2
skeleton	noun	5068	B2
nursery	noun	5069	B2
rogue	noun	5070	B2
superstar	noun	5071	B2
ribbon	noun	5072	B2
peasant	noun	5073	B2
evacuate	verb	5074	B2
technician	noun	5075	B2
pardon	verb	5076	B2
strawberry	noun	5077	B2
textile	noun	5078	B2
anatomy	noun	5079	B2
chess	noun	5080	B2
consequently	adv	5081	B2
dull	adj	5082	B2
incorrect	adj	5083	B2
optimal	adj	5084	B2
overtime	noun	5085	B2
postal	adj	5086	B2
profound	adj	5087	B2
risky	adj	5088	B2
robust	adj	5089	B2
supervision	noun	5090	B2
terrain	noun	5091	B2
trio	noun	5092	B2
unconscious	adj	5093	B2
workforce	noun	5094	B2
prolong	verb	5095	B2
accountant	noun	5096	B2
bait	noun	5097	B2
cyclist	noun	5098	B2
flyer	noun	5099	B2
flank	verb	5100	B2
jewel	noun	5101	B2
fuse	verb	5102	B2
remake	verb	5103	B2
circulate	verb	5104	B2
antibiotic	noun	5105	B2
drawer	noun	5106	B2
supermarket	noun	5107	B2
membrane	noun	5108	B2
tilt	verb	5109	B2
detain	verb	5110	B2
obsession	noun	5111	B2
spiral	noun	5112	B2
fellowship	noun	5113	B2
pickup	noun	5114	B2
addict	noun	5115	B2
stiff	adj	5116	B2
adore	verb	5117	B2
congressman	noun	5118	B2
utter	verb	5119	B2
zip	verb	5120	B2
alumnus	noun	5121	B2
alley	noun	5122	B2
cultivate	verb	5123	B2
distributor	noun	5124	B2
chorus	noun	5125	B2
assurance	noun	5126	B2
ninja	noun	5127	B2
pillar	noun	5128	B2
judgement	noun	5129	B2
rejection	noun	5130	B2
opener	noun	5131	B2
magistrate	noun	5132	B2
congregation	noun	5133	B2
automotive	adj	5134	B2
conjunction	noun	5135	B2
costly	adj	5136	B2
descent	noun	5137	B2
elimination	noun	5138	B2
ginger	noun	5139	B2
imaging	noun	5140	B2
inability	noun	5141	B2
incoming	adj	5142	B2
litigation	noun	5143	B2
merchandise	noun	5144	B2
orthodox	adj	5145	B2
overhead	adj	5146	B2
prone	adj	5147	B2
readily	adv	5148	B2
revival	noun	5149	B2
siege	noun	5150	B2
sonic	adj	5151	B2
thankful	adj	5152	B2
treasurer	noun	5153	B2
unclear	adj	5154	B2
fascist	adj	5155	B2
billionaire	noun	5156	B2
staple	noun	5157	B2
critique	noun	5158	B2
choir	noun	5159	B2
necklace	noun	5160	B2
reunite	verb	5161	B2
dwarf	noun	5162	B2
tuck	verb	5163	B2
correlation	noun	5164	B2
tornado	noun	5165	B2
salon	noun	5166	B2
undergraduate	noun	5167	B2
counselor	noun	5168	B2
coil	verb	5169	B2
abolish	verb	5170	B2
listener	noun	5171	B2
carrot	noun	5172	B2
intimidate	verb	5173	B2
pave	verb	5174	B2
borough	noun	5175	B2
vomit	verb	5176	B2
archer	noun	5177	B2
pony	noun	5178	B2
herd	noun	5179	B2
cooperative	adj	5180	B2
coral	noun	5181	B2
yacht	noun	5182	B2
intercept	verb	5183	B2
coconut	noun	5184	B2
lining	noun	5185	B2
nutrient	noun	5186	B2
dynasty	noun	5187	B2
mug	noun	5188	B2
pixel	noun	5189	B2
implant	verb	5190	B2
baking	noun	5191	B2
beautifully	adv	5192	B2
biblical	adj	5193	B2
competent	adj	5194	B2
countryside	noun	5195	B2
debris	noun	5196	B2
demographic	adj	5197	B2
enrollment	noun	5198	B2
garlic	noun	5199	B2
gratitude	noun	5200	B2
heroin	noun	5201	B2
leisure	noun	5202	B2
luckily	adv	5203	B2
pasta	noun	5204	B2
polite	adj	5205	B2
reliability	noun	5206	B2
theology	noun	5207	B2
underwater	adj	5208	B2
transplant	verb	5209	B2
pumpkin	noun	5210	B2
sausage	noun	5211	B2
orphan	noun	5212	B2
nonprofit	noun	5213	B2
diplomat	noun	5214	B2
zoom	verb	5215	B2
dread	verb	5216	B2
hedge	noun	5217	B2
crab	noun	5218	B2
grandparent	noun	5219	B2
proposition	noun	5220	B2
tub	noun	5221	B2
lag	verb	5222	B2
trench	noun	5223	B2
allergy	noun	5224	B2
reproduce	verb	5225	B2
claw	noun	5226	B2
complement	noun	5227	B2
flare	noun	5228	B2
contemplate	verb	5229	B2
constraint	noun	5230	B2
collaborate	verb	5231	B2
capitalist	noun	5232	B2
pinch	verb	5233	B2
telecommunication	noun	5234	B2
flourish	verb	5235	B2
gossip	noun	5236	B2
niche	noun	5237	B2
batter	verb	5238	B2
fatigue	noun	5239	B2
masterpiece	noun	5240	B2
concession	noun	5241	B2
penetrate	verb	5242	B2
monopoly	noun	5243	B2
sour	adj	5244	B2
bruise	verb	5245	B2
eclipse	noun	5246	B2
appetite	noun	5247	B2
harass	verb	5248	B2
councillor	noun	5249	B2
plantation	noun	5250	B2
accountability	noun	5251	B2
aerial	adj	5252	B2
ammunition	noun	5253	B2
charitable	adj	5254	B2
continually	adv	5255	B2
enjoyable	adj	5256	B2
exotic	adj	5257	B2
exterior	noun	5258	B2
feminine	adj	5259	B2
fury	noun	5260	B2
genocide	noun	5261	B2
hometown	noun	5262	B2
humanitarian	adj	5263	B2
immunity	noun	5264	B2
liberation	noun	5265	B2
likelihood	noun	5266	B2
lone	adj	5267	B2
offshore	adj	5268	B2
optional	adj	5269	B2
plaza	noun	5270	B2
prosperity	noun	5271	B2
recreational	adj	5272	B2
suburban	adj	5273	B2
terribly	adv	5274	B2
territorial	adj	5275	B2
transgender	adj	5276	B2
verbal	adj	5277	B2
wool	noun	5278	B2
bulb	noun	5279	B2
lure	verb	5280	B2
smack	verb	5281	B2
mistress	noun	5282	B2
underestimate	verb	5283	B2
liner	noun	5284	B2
wheelchair	noun	5285	B2
insure	verb	5286	B2
supervise	verb	5287	B2
tractor	noun	5288	B2
boxer	noun	5289	B2
locality	noun	5290	B2
regulator	noun	5291	B2
breeze	noun	5292	B2
font	noun	5293	B2
messy	adj	5294	B2
surplus	noun	5295	B2
rumour	noun	5296	B2
displace	verb	5297	B2
bind	verb	5298	B2
detector	noun	5299	B2
renovation	noun	5300	B2
glimpse	noun	5301	B2
verb	noun	5302	B2
dispose	verb	5303	B2
organizer	noun	5304	B2
insider	noun	5305	B2
woo	verb	5306	B2
turnover	noun	5307	B2
eyebrow	noun	5308	B2
meadow	noun	5309	B2
practise	verb	5310	B2
methodology	noun	5311	B2
notch	noun	5312	B2
lime	noun	5313	B2
pod	noun	5314	B2
blossom	noun	5315	B2
accountable	adj	5316	B2
advocacy	noun	5317	B2
aftermath	noun	5318	B2
aggression	noun	5319	B2
arguably	adv	5320	B2
blunt	adj	5321	B2
champagne	noun	5322	B2
chrome	noun	5323	B2
clarity	noun	5324	B2
confidential	adj	5325	B2
coordination	noun	5326	B2
discretion	noun	5327	B2
fog	noun	5328	B2
horizontal	adj	5329	B2
hospitality	noun	5330	B2
individually	adv	5331	B2
inevitably	adv	5332	B2
literacy	noun	5333	B2
moisture	noun	5334	B2
mortality	noun	5335	B2
persistent	adj	5336	B2
petroleum	noun	5337	B2
progression	noun	5338	B2
spotlight	noun	5339	B2
stern	adj	5340	B2
terrific	adj	5341	B2
transparency	noun	5342	B2
unemployed	adj	5343	B2
volcano	noun	5344	B2
battalion	noun	5345	B2
pea	noun	5346	B2
presenter	noun	5347	B2
compilation	noun	5348	B2
buffer	noun	5349	B2
aspire	verb	5350	B2
dwelling	noun	5351	B2
seventy	det	5352	B2
sweater	noun	5353	B2
exaggerate	verb	5354	B2
breakthrough	noun	5355	B2
pedestrian	noun	5356	B2
browse	verb	5357	B2
rot	verb	5358	B2
gel	noun	5359	B2
violet	noun	5360	B2
niece	noun	5361	B2
genus	noun	5362	B2
clap	verb	5363	B2
butcher	noun	5364	B2
revolve	verb	5365	B2
artifact	noun	5366	B2
comrade	noun	5367	B2
spectator	noun	5368	B2
lid	noun	5369	B2
militant	adj	5370	B2
colt	noun	5371	B2
rivalry	noun	5372	B2
advancement	noun	5373	B2
excel	verb	5374	B2
magnet	noun	5375	B2
adverse	adj	5376	B2
awhile	adv	5377	B2
cellular	adj	5378	B2
cod	noun	5379	B2
counseling	noun	5380	B2
destructive	adj	5381	B2
farewell	noun	5382	B2
fond	adj	5383	B2
foolish	adj	5384	B2
imprisonment	noun	5385	B2
liable	adj	5386	B2
midst	noun	5387	B2
misery	noun	5388	B2
moss	noun	5389	B2
positively	adv	5390	B2
sharply	adv	5391	B2
sincerely	adv	5392	B2
solidarity	noun	5393	B2
supernatural	adj	5394	B2
thirteen	det	5395	B2
pyramid	noun	5396	B2
manipulation	noun	5397	B2
partisan	adj	5398	B2
slash	verb	5399	B2
query	noun	5400	B2
quiz	noun	5401	B2
grandson	noun	5402	B2
footballer	noun	5403	B2
occurrence	noun	5404	B2
condom	noun	5405	B2
discourse	noun	5406	B2
caption	noun	5407	B2
revolt	noun	5408	B2
torch	noun	5409	B2
tutor	noun	5410	B2
firework	noun	5411	B2
bypass	verb	5412	B2
injustice	noun	5413	B2
differentiate	verb	5414	B2
traitor	noun	5415	B2
sip	verb	5416	B2
safeguard	verb	5417	B2
noodle	noun	5418	B2
restrain	verb	5419	B2
rhyme	noun	5420	B2
scoop	noun	5421	B2
chord	noun	5422	B2
porch	noun	5423	B2
coincide	verb	5424	B2
persist	verb	5425	B2
fetch	verb	5426	B2
millionaire	noun	5427	B2
carpenter	noun	5428	B2
harden	verb	5429	B2
homicide	noun	5430	B2
loot	noun	5431	B2
sage	noun	5432	B2
taco	noun	5433	B2
inflict	verb	5434	B2
abbey	noun	5435	B2
credibility	noun	5436	B2
critically	adv	5437	B2
fourteen	det	5438	B2
geometry	noun	5439	B2
immense	adj	5440	B2
karma	noun	5441	B2
mankind	noun	5442	B2
mapping	noun	5443	B2
pointless	adj	5444	B2
proximity	noun	5445	B2
sadness	noun	5446	B2
selective	adj	5447	B2
shiny	adj	5448	B2
socialism	noun	5449	B2
stressful	adj	5450	B2
thief	noun	5451	B2
undoubtedly	adv	5452	B2
yearly	adv	5453	B2
assassination	noun	5454	B2
guru	noun	5455	B2
transcript	noun	5456	B2
turbine	noun	5457	B2
bald	adj	5458	B2
fisherman	noun	5459	B2
vacancy	noun	5460	B2
contend	verb	5461	B2
shotgun	noun	5462	B2
encompass	verb	5463	B2
ensue	verb	5464	B2
justification	noun	5465	B2
drip	verb	5466	B2
slay	verb	5467	B2
shelve	verb	5468	B2
cleanse	verb	5469	B2
grandchild	noun	5470	B2
renewal	noun	5471	B2
deprive	verb	5472	B2
foam	noun	5473	B2
flock	noun	5474	B2
grenade	noun	5475	B2
aide	noun	5476	B2
widen	verb	5477	B2
reopen	verb	5478	B2
escalate	verb	5479	B2
nun	noun	5480	B2
endorsement	noun	5481	B2
maiden	noun	5482	B2
gateway	noun	5483	B2
expel	verb	5484	B2
curb	verb	5485	B2
weld	verb	5486	B2
coating	noun	5487	B2
abusive	adj	5488	B2
backyard	noun	5489	B2
extensively	adv	5490	B2
forehead	noun	5491	B2
forgiveness	noun	5492	B2
illegally	adv	5493	B2
informal	adj	5494	B2
maturity	noun	5495	B2
optimistic	adj	5496	B2
problematic	adj	5497	B2
promotional	adj	5498	B2
prospective	adj	5499	B2
psychiatric	adj	5500	B2
rubbish	noun	5501	B2
saga	noun	5502	B2
seventeen	det	5503	B2
sodium	noun	5504	B2
systematic	adj	5505	B2
unacceptable	adj	5506	B2
unaware	adj	5507	B2
uncommon	adj	5508	B2
underway	adj	5509	B2
unstable	adj	5510	B2
upstairs	adv	5511	B2
vague	adj	5512	B2
analytic	adj	5513	B2
memo	noun	5514	B2
blur	noun	5515	B2
illuminate	verb	5516	B2
reset	verb	5517	B2
coffin	noun	5518	B2
filmmaker	noun	5519	B2
gown	noun	5520	B2
playground	noun	5521	B2
slogan	noun	5522	B2
lump	noun	5523	B2
chunk	noun	5524	B2
contestant	noun	5525	B2
plunge	verb	5526	B2
rant	verb	5527	B2
simulate	verb	5528	B2
hesitate	verb	5529	B2
incumbent	adj	5530	B2
appliance	noun	5531	B2
boiler	noun	5532	B2
snatch	verb	5533	B2
tray	noun	5534	B2
bracelet	noun	5535	B2
tariff	noun	5536	B2
foil	noun	5537	B2
navigate	verb	5538	B2
squirrel	noun	5539	B2
artery	noun	5540	B2
plaintiff	noun	5541	B2
marketplace	noun	5542	B2
mosquito	noun	5543	B2
reel	noun	5544	B2
epidemic	noun	5545	B2
shred	verb	5546	B2
telescope	noun	5547	B2
partition	noun	5548	B2
milestone	noun	5549	B2
kitten	noun	5550	B2
gaze	verb	5551	B2
spawn	verb	5552	B2
fin	noun	5553	B2
rehearsal	noun	5554	B2
homosexual	adj	5555	B2
nationality	noun	5556	B2
broadcaster	noun	5557	B2
eighty	det	5558	B2
groove	noun	5559	B2
flop	verb	5560	B2
lash	verb	5561	B2
bulletin	noun	5562	B2
trillion	noun	5563	B2
undo	verb	5564	B2
exempt	adj	5565	B2
respondent	noun	5566	B2
weep	verb	5567	B2
sway	verb	5568	B2
abundance	noun	5569	B2
autonomy	noun	5570	B2
behavioral	adj	5571	B2
carnival	noun	5572	B2
dough	noun	5573	B2
endangered	adj	5574	B2
fictional	adj	5575	B2
fragile	adj	5576	B2
granite	noun	5577	B2
handbook	noun	5578	B2
hardy	adj	5579	B2
irony	noun	5580	B2
judiciary	noun	5581	B2
lethal	adj	5582	B2
lively	adj	5583	B2
logistics	noun	5584	B2
maple	noun	5585	B2
mindset	noun	5586	B2
morality	noun	5587	B2
prestigious	adj	5588	B2
radius	noun	5589	B2
sovereignty	noun	5590	B2
sunlight	noun	5591	B2
symbolic	adj	5592	B2
trilogy	noun	5593	B2
yourselves	pron	5594	B2
rag	noun	5595	B2
newborn	adj	5596	B2
propel	verb	5597	B2
nickel	noun	5598	B2
assassin	noun	5599	B2
mute	adj	5600	B2
backpack	noun	5601	B2
impulse	noun	5602	B2
notebook	noun	5603	B2
adolescent	noun	5604	B2
pointer	noun	5605	B2
tighten	verb	5606	B2
sofa	noun	5607	B2
combo	noun	5608	B2
outsider	noun	5609	B2
folder	noun	5610	B2
storyline	noun	5611	B2
warp	verb	5612	B2
capsule	noun	5613	B2
sniper	noun	5614	B2
oblige	verb	5615	B2
detach	verb	5616	B2
bribe	noun	5617	B2
attacker	noun	5618	B2
descendant	noun	5619	B2
template	noun	5620	B2
balcony	noun	5621	B2
flex	verb	5622	B2
stray	verb	5623	B2
embark	verb	5624	B2
barber	noun	5625	B2
gag	noun	5626	B2
cripple	verb	5627	B2
adhere	verb	5628	B2
jumper	noun	5629	B2
constable	noun	5630	B2
veil	noun	5631	B2
soar	verb	5632	B2
cling	verb	5633	B2
altar	noun	5634	B2
solicitor	noun	5635	B2
giggle	verb	5636	B2
cereal	noun	5637	B2
arbitrary	adj	5638	B2
autonomous	adj	5639	B2
brotherhood	noun	5640	B2
censorship	noun	5641	B2
correspondence	noun	5642	B2
desirable	adj	5643	B2
favorable	adj	5644	B2
feminism	noun	5645	B2
gasoline	noun	5646	B2
geographical	adj	5647	B2
governmental	adj	5648	B2
incomplete	adj	5649	B2
ivory	noun	5650	B2
lengthy	adj	5651	B2
recession	noun	5652	B2
secondly	adv	5653	B2
spinal	adj	5654	B2
successive	adj	5655	B2
therapeutic	adj	5656	B2
timely	adj	5657	B2
uranium	noun	5658	B2
volleyball	noun	5659	B2
metaphor	noun	5660	B2
sorrow	noun	5661	B2
flick	verb	5662	B2
mammal	noun	5663	B2
garment	noun	5664	B2
sling	noun	5665	B2
cane	noun	5666	B2
settler	noun	5667	B2
vegetarian	noun	5668	B2
rite	noun	5669	B2
saddle	noun	5670	B2
reproduction	noun	5671	B2
moan	verb	5672	B2
catalyst	noun	5673	B2
challenger	noun	5674	B2
mortar	noun	5675	B2
picnic	noun	5676	B2
mutant	noun	5677	B2
litter	noun	5678	B2
conquest	noun	5679	B2
cancellation	noun	5680	B2
elf	noun	5681	B2
discard	verb	5682	B2
shorten	verb	5683	B2
valuation	noun	5684	B2
scramble	verb	5685	B2
microwave	noun	5686	B2
disagreement	noun	5687	B2
disciple	noun	5688	B2
relocate	verb	5689	B2
parcel	noun	5690	B2
acclaim	verb	5691	B2
sob	verb	5692	B2
pickle	noun	5693	B2
constituency	noun	5694	B2
precedent	noun	5695	B2
planner	noun	5696	B2
pest	noun	5697	B2
divert	verb	5698	B2
atmospheric	adj	5699	B2
cardiac	adj	5700	B2
daylight	noun	5701	B2
enthusiastic	adj	5702	B2
envy	noun	5703	B2
exploitation	noun	5704	B2
genetics	noun	5705	B2
heroic	adj	5706	B2
nationally	adv	5707	B2
paperwork	noun	5708	B2
promptly	adv	5709	B2
sincere	adj	5710	B2
sperm	noun	5711	B2
steadily	adv	5712	B2
synthesis	noun	5713	B2
tasty	adj	5714	B2
treason	noun	5715	B2
urine	noun	5716	B2
vanilla	noun	5717	B2
cutter	noun	5718	B2
intern	noun	5719	B2
imprison	verb	5720	B2
populate	verb	5721	B2
tract	noun	5722	B2
commute	verb	5723	B2
felony	noun	5724	B2
restart	verb	5725	B2
parody	noun	5726	B2
briefing	noun	5727	B2
astronaut	noun	5728	B2
nerd	noun	5729	B2
roam	verb	5730	B2
goalkeeper	noun	5731	B2
hierarchy	noun	5732	B2
denote	verb	5733	B2
harness	noun	5734	B2
designation	noun	5735	B2
disgrace	noun	5736	B2
grin	noun	5737	B2
diver	noun	5738	B2
inhabit	verb	5739	B2
psychiatrist	noun	5740	B2
sidewalk	noun	5741	B2
hostility	noun	5742	B2
liberate	verb	5743	B2
sparkle	verb	5744	B2
daisy	noun	5745	B2
unleash	verb	5746	B2
shrine	noun	5747	B2
coward	noun	5748	B2
beacon	noun	5749	B2
serum	noun	5750	B2
phantom	noun	5751	B2
biscuit	noun	5752	B2
airway	noun	5753	B2
brewer	noun	5754	B2
diploma	noun	5755	B2
enclose	verb	5756	B2
bulldog	noun	5757	B2
reprint	noun	5758	B2
activation	noun	5759	B2
afterward	adv	5760	B2
applause	noun	5761	B2
diagnostic	adj	5762	B2
differential	noun	5763	B2
dominance	noun	5764	B2
economically	adv	5765	B2
humidity	noun	5766	B2
imagery	noun	5767	B2
inherent	adj	5768	B2
inland	adj	5769	B2
innocence	noun	5770	B2
ivy	noun	5771	B2
livestock	noun	5772	B2
mafia	noun	5773	B2
merry	adj	5774	B2
nationalism	noun	5775	B2
naughty	adj	5776	B2
notorious	adj	5777	B2
organizational	adj	5778	B2
outright	adv	5779	B2
overly	adv	5780	B2
oversight	noun	5781	B2
refusal	noun	5782	B2
sickness	noun	5783	B2
straightforward	adj	5784	B2
thoughtful	adj	5785	B2
vicious	adj	5786	B2
vodka	noun	5787	B2
wholly	adv	5788	B2
immortal	adj	5789	B2
brew	verb	5790	B2
directive	noun	5791	B2
seeker	noun	5792	B2
incur	verb	5793	B2
twitch	verb	5794	B2
shrimp	noun	5795	B2
greenhouse	noun	5796	B2
digest	verb	5797	B2
disregard	verb	5798	B2
vulnerability	noun	5799	B2
abide	verb	5800	B2
gadget	noun	5801	B2
handicap	noun	5802	B2
prohibition	noun	5803	B2
brag	verb	5804	B2
temptation	noun	5805	B2
timer	noun	5806	B2
recorder	noun	5807	B2
heap	noun	5808	B2
contender	noun	5809	B2
perfume	noun	5810	B2
overthrow	verb	5811	B2
aisle	noun	5812	B2
microphone	noun	5813	B2
humiliate	verb	5814	B2
thug	noun	5815	B2
censor	noun	5816	B2
python	noun	5817	B2
comb	noun	5818	B2
captive	noun	5819	B2
articulate	verb	5820	B2
lecturer	noun	5821	B2
protagonist	noun	5822	B2
newsletter	noun	5823	B2
beginner	noun	5824	B2
alignment	noun	5825	B2
firefighter	noun	5826	B2
boulder	noun	5827	B2
accidental	adj	5828	B2
addicted	adj	5829	B2
archbishop	noun	5830	B2
athletics	noun	5831	B2
basics	noun	5832	B2
bibliography	noun	5833	B2
broadly	adv	5834	B2
calcium	noun	5835	B2
certainty	noun	5836	B2
collectively	adv	5837	B2
compression	noun	5838	B2
deliberate	adj	5839	B2
despair	noun	5840	B2
evolutionary	adj	5841	B2
geological	adj	5842	B2
globally	adv	5843	B2
inadequate	adj	5844	B2
infinity	noun	5845	B2
intentionally	adv	5846	B2
metallic	adj	5847	B2
rainfall	noun	5848	B2
reckless	adj	5849	B2
redemption	noun	5850	B2
sunrise	noun	5851	B2
twilight	noun	5852	B2
unprecedented	adj	5853	B2
vocabulary	noun	5854	B2
willingness	noun	5855	B2
woody	adj	5856	B2
worthless	adj	5857	B2
ping	verb	5858	B2
exemption	noun	5859	B2
redeem	verb	5860	B2
hallway	noun	5861	B2
fortress	noun	5862	B2
neuron	noun	5863	B2
proxy	noun	5864	B2
strive	verb	5865	B2
aspiration	noun	5866	B2
preacher	noun	5867	B2
millennium	noun	5868	B2
fishery	noun	5869	B2
classmate	noun	5870	B2
deficiency	noun	5871	B2
ache	verb	5872	B2
crunch	noun	5873	B2
allocation	noun	5874	B2
astonish	verb	5875	B2
speculate	verb	5876	B2
emit	verb	5877	B2
finalist	noun	5878	B2
defy	verb	5879	B2
repay	verb	5880	B2
vibration	noun	5881	B2
antibody	noun	5882	B2
enthusiast	noun	5883	B2
congratulate	verb	5884	B2
migrate	verb	5885	B2
ninety	det	5886	B2
symphony	noun	5887	B2
snail	noun	5888	B2
translator	noun	5889	B2
prank	noun	5890	B2
withhold	verb	5891	B2
flatter	verb	5892	B2
insurer	noun	5893	B2
prophecy	noun	5894	B2
loom	verb	5895	B2
alternatively	adv	5896	B2
coding	noun	5897	B2
cuisine	noun	5898	B2
dioxide	noun	5899	B2
enjoyment	noun	5900	B2
homemade	adj	5901	B2
honorable	adj	5902	B2
infectious	adj	5903	B2
inferior	adj	5904	B2
insulin	noun	5905	B2
manor	noun	5906	B2
narrator	noun	5907	B2
obesity	noun	5908	B2
privileged	adj	5909	B2
reliance	noun	5910	B2
reluctant	adj	5911	B2
respiratory	adj	5912	B2
retention	noun	5913	B2
rotten	adj	5914	B2
sympathetic	adj	5915	B2
taxation	noun	5916	B2
denounce	verb	5917	B2
programmer	noun	5918	B2
rewrite	verb	5919	B2
dilemma	noun	5920	B2
maneuver	noun	5921	B2
algebra	noun	5922	B2
kidnapping	noun	5923	B2
brewery	noun	5924	B2
spoiler	noun	5925	B2
preside	verb	5926	B2
cedar	noun	5927	B2
uprising	noun	5928	B2
deport	verb	5929	B2
apprentice	noun	5930	B2
linger	verb	5931	B2
villager	noun	5932	B2
ethnicity	noun	5933	B2
smuggle	verb	5934	B2
plaque	noun	5935	B2
hen	noun	5936	B2
fungus	noun	5937	B2
precaution	noun	5938	B2
conception	noun	5939	B2
parasite	noun	5940	B2
purge	verb	5941	B2
palette	noun	5942	B2
pigeon	noun	5943	B2
camel	noun	5944	B2
intensify	verb	5945	B2
atheist	noun	5946	B2
discriminate	verb	5947	B2
covenant	noun	5948	B2
hose	noun	5949	B2
rust	noun	5950	B2
violin	noun	5951	B2
outlaw	noun	5952	B2
chuckle	verb	5953	B2
deceive	verb	5954	B2
strait	noun	5955	B2
replicate	verb	5956	B2
payroll	noun	5957	B2
viewpoint	noun	5958	B2
atlas	noun	5959	B2
automation	noun	5960	B2
awe	noun	5961	B2
cavalry	noun	5962	B2
colorful	adj	5963	B2
communism	noun	5964	B2
decisive	adj	5965	B2
decorative	adj	5966	B2
definitive	adj	5967	B2
eternity	noun	5968	B2
extraction	noun	5969	B2
fatty	adj	5970	B2
filthy	adj	5971	B2
freestyle	noun	5972	B2
grandpa	noun	5973	B2
hairy	adj	5974	B2
inheritance	noun	5975	B2
ironic	adj	5976	B2
luggage	noun	5977	B2
predominantly	adv	5978	B2
primitive	adj	5979	B2
psychic	adj	5980	B2
reproductive	adj	5981	B2
righteous	adj	5982	B2
spicy	adj	5983	B2
sticky	adj	5984	B2
sufficiently	adv	5985	B2
thankfully	adv	5986	B2
twentieth	adj	5987	B2
unpleasant	adj	5988	B2
unrelated	adj	5989	B2
vacant	adj	5990	B2
vicinity	noun	5991	B2
wardrobe	noun	5992	B2
warmth	noun	5993	B2
misunderstanding	noun	5994	B2
garner	verb	5995	B2
miniature	noun	5996	B2
stabilize	verb	5997	B2
cartridge	noun	5998	B2
wedge	noun	5999	B2
slack	adj	6000	B2
monarch	noun	6001	B2
disruption	noun	6002	B2
songwriter	noun	6003	B2
polymer	noun	6004	B2
multiply	verb	6005	B2
disturbance	noun	6006	B2
hymn	noun	6007	B2
enrich	verb	6008	B2
distort	verb	6009	B2
crisp	adj	6010	B2
joker	noun	6011	B2
rainy	adj	6012	B2
pint	noun	6013	B2
martyr	noun	6014	B2
ensemble	noun	6015	B2
puff	verb	6016	B2
duplicate	verb	6017	B2
borrowing	noun	6018	B2
invoke	verb	6019	B2
woodland	noun	6020	B2
warranty	noun	6021	B2
advertiser	noun	6022	B2
affirm	verb	6023	B2
convoy	noun	6024	B2
protector	noun	6025	B2
scarf	noun	6026	B2
disconnect	verb	6027	B2
haircut	noun	6028	B2
degrade	verb	6029	B2
restraint	noun	6030	B2
crank	noun	6031	B2
clothe	verb	6032	B2
devise	verb	6033	B2
stove	noun	6034	B2
leftist	noun	6035	B2
cautious	adj	6036	B2
efficiently	adv	6037	B2
encouragement	noun	6038	B2
harmless	adj	6039	B2
hopeful	adj	6040	B2
hygiene	noun	6041	B2
imaginary	adj	6042	B2
inconsistent	adj	6043	B2
kindergarten	noun	6044	B2
loudly	adv	6045	B2
mechanic	noun	6046	B2
northwestern	adj	6047	B2
oppression	noun	6048	B2
patriotic	adj	6049	B2
probable	adj	6050	B2
probation	noun	6051	B2
spokesman	noun	6052	B2
subjective	adj	6053	B2
traumatic	adj	6054	B2
confrontation	noun	6055	B2
bounty	noun	6056	B2
disappearance	noun	6057	B2
sweetheart	noun	6058	B2
wig	noun	6059	B2
pancake	noun	6060	B2
sermon	noun	6061	B2
assertion	noun	6062	B2
evacuation	noun	6063	B2
genome	noun	6064	B2
indictment	noun	6065	B2
stink	verb	6066	B2
compartment	noun	6067	B2
calibre	noun	6068	B2
subdivision	noun	6069	B2
bun	noun	6070	B2
dictator	noun	6071	B2
rabbi	noun	6072	B2
attendant	noun	6073	B2
cavity	noun	6074	B2
contradict	verb	6075	B2
dummy	noun	6076	B2
pedal	noun	6077	B2
acquaintance	noun	6078	B2
cigar	noun	6079	B2
transformer	noun	6080	B2
credential	noun	6081	B2
legislator	noun	6082	B2
whine	verb	6083	B2
stocking	noun	6084	B2
hurdle	noun	6085	B2
aboriginal	adj	6086	B2
allergic	adj	6087	B2
apparatus	noun	6088	B2
bliss	noun	6089	B2
bodily	adj	6090	B2
collaborative	adj	6091	B2
constructive	adj	6092	B2
cosmic	adj	6093	B2
definite	adj	6094	B2
developmental	adj	6095	B2
disco	noun	6096	B2
ecological	adj	6097	B2
fertility	noun	6098	B2
foremost	adj	6099	B2
invalid	adj	6100	B2
jointly	adv	6101	B2
lightweight	adj	6102	B2
metabolism	noun	6103	B2
parental	adj	6104	B2
parole	noun	6105	B2
prevalent	adj	6106	B2
questionable	adj	6107	B2
sociology	noun	6108	B2
traction	noun	6109	B2
trout	noun	6110	B2
unwanted	adj	6111	B2
visibility	noun	6112	B2
whiskey	noun	6113	B2
commemorate	verb	6114	B2
sewer	noun	6115	B2
undertaking	noun	6116	B2
wallpaper	noun	6117	B2
sprinkle	verb	6118	B2
grease	noun	6119	B2
lizard	noun	6120	B2
mash	verb	6121	B2
summarize	verb	6122	B2
sponsorship	noun	6123	B2
substrate	noun	6124	B2
enlighten	verb	6125	B2
analogy	noun	6126	B2
voucher	noun	6127	B2
squadron	noun	6128	B2
mattress	noun	6129	B2
reclaim	verb	6130	B2
gin	noun	6131	B2
arcade	noun	6132	B2
razor	noun	6133	B2
recount	verb	6134	B2
inhibit	verb	6135	B2
dent	noun	6136	B2
wrestler	noun	6137	B2
theorem	noun	6138	B2
steroid	noun	6139	B2
dove	noun	6140	B2
geek	noun	6141	B2
disrespect	noun	6142	B2
foe	noun	6143	B2
bikini	noun	6144	B2
peek	verb	6145	B2
correlate	verb	6146	B2
promoter	noun	6147	B2
formulate	verb	6148	B2
comet	noun	6149	B2
swimmer	noun	6150	B2
bunker	noun	6151	B2
squat	verb	6152	B2
reviewer	noun	6153	B2
duel	noun	6154	B2
awaken	verb	6155	B2
internship	noun	6156	B2
noun	noun	6157	B2
sabotage	noun	6158	B2
abundant	adj	6159	B2
comparative	adj	6160	B2
continuity	noun	6161	B2
credible	adj	6162	B2
delightful	adj	6163	B2
drainage	noun	6164	B2
embarrassment	noun	6165	B2
fairness	noun	6166	B2
flint	noun	6167	B2
floral	adj	6168	B2
fundamentally	adv	6169	B2
guts	noun	6170	B2
ideological	adj	6171	B2
insufficient	adj	6172	B2
jelly	noun	6173	B2
literal	adj	6174	B2
lunar	adj	6175	B2
maternal	adj	6176	B2
offspring	noun	6177	B2
outrageous	adj	6178	B2
polo	noun	6179	B2
registry	noun	6180	B2
remarkably	adv	6181	B2
simplicity	noun	6182	B2
softly	adv	6183	B2
stereo	noun	6184	B2
sustainability	noun	6185	B2
theological	adj	6186	B2
undercover	adj	6187	B2
vegetation	noun	6188	B2
velvet	noun	6189	B2
rattle	verb	6190	B2
cramp	noun	6191	B2
cherish	verb	6192	B2
dart	verb	6193	B2
willow	noun	6194	B2
vista	noun	6195	B2
recycle	verb	6196	B2
applaud	verb	6197	B2
mole	noun	6198	B2
furnish	verb	6199	B2
panda	noun	6200	B2
glacier	noun	6201	B2
benchmark	noun	6202	B2
ape	noun	6203	B2
apostle	noun	6204	B2
extremist	noun	6205	B2
creditor	noun	6206	B2
crest	noun	6207	B2
tweak	verb	6208	B2
validate	verb	6209	B2
monastery	noun	6210	B2
pertain	verb	6211	B2
avatar	noun	6212	B2
excerpt	noun	6213	B2
salute	verb	6214	B2
winger	noun	6215	B2
mitigate	verb	6216	B2
reassure	verb	6217	B2
bumper	noun	6218	B2
diaper	noun	6219	B2
scorer	noun	6220	B2
rename	verb	6221	B2
ascend	verb	6222	B2
waiter	noun	6223	B2
hardship	noun	6224	B2
robe	noun	6225	B2
disperse	verb	6226	B2
vineyard	noun	6227	B2
dungeon	noun	6228	B2
nightclub	noun	6229	B2
behold	verb	6230	B2
cruelty	noun	6231	B2
dementia	noun	6232	B2
duchess	noun	6233	B2
extinction	noun	6234	B2
geology	noun	6235	B2
heavenly	adj	6236	B2
horrific	adj	6237	B2
iris	noun	6238	B2
mentality	noun	6239	B2
neural	adj	6240	B2
nineteenth	adj	6241	B2
nitrogen	noun	6242	B2
phenomenal	adj	6243	B2
photographic	adj	6244	B2
predictable	adj	6245	B2
professionally	adv	6246	B2
queer	adj	6247	B2
recycling	noun	6248	B2
resurrection	noun	6249	B2
spatial	adj	6250	B2
stainless	adj	6251	B2
statutory	adj	6252	B2
stellar	adj	6253	B2
stubborn	adj	6254	B2
syrup	noun	6255	B2
tightly	adv	6256	B2
turf	noun	6257	B2
unusually	adv	6258	B2
enlarge	verb	6259	B2
hustle	verb	6260	B2
recreate	verb	6261	B2
brow	noun	6262	B2
renovate	verb	6263	B2
lipstick	noun	6264	B2
endeavor	noun	6265	B2
psalm	noun	6266	B2
prairie	noun	6267	B2
trouser	noun	6268	B2
perk	noun	6269	B2
paw	noun	6270	B2
reinforcement	noun	6271	B2
enhancement	noun	6272	B2
librarian	noun	6273	B2
gale	noun	6274	B2
flap	verb	6275	B2
indulge	verb	6276	B2
contaminate	verb	6277	B2
replica	noun	6278	B2
unfold	verb	6279	B2
optimize	verb	6280	B2
idle	adj	6281	B2
alloy	noun	6282	B2
lantern	noun	6283	B2
smoker	noun	6284	B2
oyster	noun	6285	B2
lever	noun	6286	B2
gasp	verb	6287	B2
mound	noun	6288	B2
impair	verb	6289	B2
cracker	noun	6290	B2
dissertation	noun	6291	B2
disciplinary	adj	6292	B2
eligibility	noun	6293	B2
finite	adj	6294	B2
flagship	noun	6295	B2
forensic	adj	6296	B2
forthcoming	adj	6297	B2
glucose	noun	6298	B2
greedy	adj	6299	B2
halo	noun	6300	B2
ideally	adv	6301	B2
infamous	adj	6302	B2
inspirational	adj	6303	B2
internally	adv	6304	B2
lateral	adj	6305	B2
lifelong	adj	6306	B2
limestone	noun	6307	B2
mesh	noun	6308	B2
naive	adj	6309	B2
noticeable	adj	6310	B2
prestige	noun	6311	B2
relevance	noun	6312	B2
remotely	adv	6313	B2
rigid	adj	6314	B2
sampling	noun	6315	B2
spacecraft	noun	6316	B2
splendid	adj	6317	B2
thickness	noun	6318	B2
unreasonable	adj	6319	B2
unsure	adj	6320	B2
upwards	adv	6321	B2
veterinary	adj	6322	B2
vivid	adj	6323	B2
playlist	noun	6324	B2
hinder	verb	6325	B2
cuff	noun	6326	B2
salvage	verb	6327	B2
affiliation	noun	6328	B2
maximize	verb	6329	B2
alteration	noun	6330	B2
hum	verb	6331	B2
condo	noun	6332	B2
youngster	noun	6333	B2
beetle	noun	6334	B2
horrify	verb	6335	B2
referral	noun	6336	B2
veto	noun	6337	B2
discontinue	verb	6338	B2
mimic	verb	6339	B2
inventor	noun	6340	B2
drummer	noun	6341	B2
insecurity	noun	6342	B2
persona	noun	6343	B2
swipe	verb	6344	B2
quota	noun	6345	B2
tracker	noun	6346	B2
feud	noun	6347	B2
dismantle	verb	6348	B2
tally	noun	6349	B2
ale	noun	6350	B2
inscription	noun	6351	B2
clamp	noun	6352	B2
amusement	noun	6353	B2
anticipation	noun	6354	B2
appropriately	adv	6355	B2
arrogant	adj	6356	B2
authorization	noun	6357	B2
auxiliary	noun	6358	B2
baggage	noun	6359	B2
ceramic	adj	6360	B2
clergy	noun	6361	B2
coma	noun	6362	B2
comfortably	adv	6363	B2
compass	noun	6364	B2
contempt	noun	6365	B2
ecology	noun	6366	B2
emergence	noun	6367	B2
endurance	noun	6368	B2
erotic	adj	6369	B2
exceptionally	adv	6370	B2
homosexuality	noun	6371	B2
ironically	adv	6372	B2
jealousy	noun	6373	B2
overweight	adj	6374	B2
pneumonia	noun	6375	B2
potent	adj	6376	B2
reverend	noun	6377	B2
salty	adj	6378	B2
scrutiny	noun	6379	B2
singular	adj	6380	B2
supper	noun	6381	B2
systemic	adj	6382	B2
tempo	noun	6383	B2
thirsty	adj	6384	B2
unchanged	adj	6385	B2
understandable	adj	6386	B2
upright	adj	6387	B2
vain	adj	6388	B2
vanity	noun	6389	B2
worthwhile	adj	6390	B2
craving	noun	6391	B2
stride	noun	6392	B2
misunderstand	verb	6393	B2
tame	verb	6394	B2
crumble	verb	6395	B2
smear	noun	6396	B2
blush	verb	6397	B2
thinker	noun	6398	B2
bakery	noun	6399	B2
demolish	verb	6400	B2
courier	noun	6401	B2
exclusion	noun	6402	B2
sever	verb	6403	B2
ghetto	noun	6404	B2
siren	noun	6405	B2
hinge	noun	6406	B2
scanner	noun	6407	B2
stagger	verb	6408	B2
oxide	noun	6409	B2
overturn	verb	6410	B2
nucleus	noun	6411	B2
sideline	noun	6412	B2
deteriorate	verb	6413	B2
despise	verb	6414	B2
overtake	verb	6415	B2
dime	noun	6416	B2
lobster	noun	6417	B2
pilgrim	noun	6418	B2
gill	noun	6419	B2
stroll	noun	6420	B2
bleach	noun	6421	B2
rave	verb	6422	B2
subtitle	noun	6423	B2
hoop	noun	6424	B2
cellphone	noun	6425	B2
hamlet	noun	6426	B2
bluff	noun	6427	B2
millennial	adj	6428	B2
earring	noun	6429	B2
acceleration	noun	6430	B2
aerospace	noun	6431	B2
analog	adj	6432	B2
asthma	noun	6433	B2
aurora	noun	6434	B2
bacterial	adj	6435	B2
bankrupt	adj	6436	B2
childish	adj	6437	B2
chili	noun	6438	B2
contention	noun	6439	B2
devotion	noun	6440	B2
eventual	adj	6441	B2
firstly	adv	6442	B2
greed	noun	6443	B2
inflammation	noun	6444	B2
lava	noun	6445	B2
longtime	adj	6446	B2
pact	noun	6447	B2
paramount	adj	6448	B2
paranoid	adj	6449	B2
popcorn	noun	6450	B2
quantitative	adj	6451	B2
retro	adj	6452	B2
rightly	adv	6453	B2
solitary	adj	6454	B2
termination	noun	6455	B2
unpaid	adj	6456	B2
unsuccessful	adj	6457	B2
yen	noun	6458	B2
spectacle	noun	6459	B2
ordinance	noun	6460	B2
mist	noun	6461	B2
cushion	noun	6462	B2
pike	noun	6463	B2
compress	verb	6464	B2
gorilla	noun	6465	B2
lawmaker	noun	6466	B2
reconcile	verb	6467	B2
caller	noun	6468	B2
tumble	verb	6469	B2
waterfall	noun	6470	B2
omit	verb	6471	B2
wield	verb	6472	B2
donkey	noun	6473	B2
furnace	noun	6474	B2
announcer	noun	6475	B2
lurk	verb	6476	B2
homeowner	noun	6477	B2
salesman	noun	6478	B2
flashback	noun	6479	B2
peripheral	adj	6480	B2
almond	noun	6481	B2
dialect	noun	6482	B2
gangster	noun	6483	B2
swarm	verb	6484	B2
cartel	noun	6485	B2
conform	verb	6486	B2
enclosure	noun	6487	B2
precinct	noun	6488	B2
newcomer	noun	6489	B2
crossover	noun	6490	B2
footprint	noun	6491	B2
soften	verb	6492	B2
learner	noun	6493	B2
riddle	noun	6494	B2
quarantine	noun	6495	B2
almighty	adj	6496	B2
apparel	noun	6497	B2
arbitration	noun	6498	B2
auburn	adj	6499	B2
awakening	noun	6500	B2
bilateral	adj	6501	C1
cholesterol	noun	6502	C1
classy	adj	6503	C1
deluxe	adj	6504	C1
dismissal	noun	6505	C1
downstairs	adv	6506	C1
empathy	noun	6507	C1
feasible	adj	6508	C1
hydraulic	adj	6509	C1
incapable	adj	6510	C1
inflammatory	adj	6511	C1
insanity	noun	6512	C1
insecure	adj	6513	C1
intentional	adj	6514	C1
lust	noun	6515	C1
motto	noun	6516	C1
occupational	adj	6517	C1
onset	noun	6518	C1
persecution	noun	6519	C1
petrol	noun	6520	C1
presently	adv	6521	C1
prose	noun	6522	C1
radioactive	adj	6523	C1
realization	noun	6524	C1
reconciliation	noun	6525	C1
sunglass	noun	6526	C1
unfinished	adj	6527	C1
unhealthy	adj	6528	C1
unlawful	adj	6529	C1
unpopular	adj	6530	C1
volatile	adj	6531	C1
voluntarily	adv	6532	C1
deity	noun	6533	C1
mediate	verb	6534	C1
helm	noun	6535	C1
squash	verb	6536	C1
monarchy	noun	6537	C1
vaccination	noun	6538	C1
remnant	noun	6539	C1
rhino	noun	6540	C1
relic	noun	6541	C1
fingerprint	noun	6542	C1
garrison	noun	6543	C1
beaver	noun	6544	C1
moor	noun	6545	C1
peg	noun	6546	C1
embody	verb	6547	C1
shuffle	verb	6548	C1
asteroid	noun	6549	C1
dissent	noun	6550	C1
installment	noun	6551	C1
trumpet	noun	6552	C1
autograph	noun	6553	C1
hog	noun	6554	C1
hare	noun	6555	C1
jaguar	noun	6556	C1
quotation	noun	6557	C1
shrug	verb	6558	C1
glitter	verb	6559	C1
warden	noun	6560	C1
signify	verb	6561	C1
ambush	noun	6562	C1
confer	verb	6563	C1
residue	noun	6564	C1
beneficiary	noun	6565	C1
orchard	noun	6566	C1
sniff	verb	6567	C1
bidder	noun	6568	C1
toxin	noun	6569	C1
sinner	noun	6570	C1
caravan	noun	6571	C1
withstand	verb	6572	C1
piston	noun	6573	C1
dominion	noun	6574	C1
caste	noun	6575	C1
quarry	noun	6576	C1
abnormal	adj	6577	C1
accredit	verb	6578	C1
ample	adj	6579	C1
apex	noun	6580	C1
apocalypse	noun	6581	C1
backward	adv	6582	C1
bingo	noun	6583	C1
calf	noun	6584	C1
consolidation	noun	6585	C1
continuation	noun	6586	C1
cork	noun	6587	C1
cubic	adj	6588	C1
diplomacy	noun	6589	C1
downward	adv	6590	C1
energetic	adj	6591	C1
friction	noun	6592	C1
greatness	noun	6593	C1
hazardous	adj	6594	C1
hopeless	adj	6595	C1
hourly	adv	6596	C1
indirectly	adv	6597	C1
induction	noun	6598	C1
infrared	adj	6599	C1
instability	noun	6600	C1
linguistic	adj	6601	C1
marginal	adj	6602	C1
masculine	adj	6603	C1
observatory	noun	6604	C1
outdoors	adv	6605	C1
penetration	noun	6606	C1
preferably	adv	6607	C1
proudly	adv	6608	C1
recur	verb	6609	C1
relaxation	noun	6610	C1
respectable	adj	6611	C1
respectful	adj	6612	C1
routinely	adv	6613	C1
severity	noun	6614	C1
shady	adj	6615	C1
slick	adj	6616	C1
spontaneous	adj	6617	C1
unexpectedly	adv	6618	C1
upward	adv	6619	C1
vogue	noun	6620	C1
volcanic	adj	6621	C1
wildly	adv	6622	C1
breeder	noun	6623	C1
transmitter	noun	6624	C1
blackberry	noun	6625	C1
novelist	noun	6626	C1
shopper	noun	6627	C1
evoke	verb	6628	C1
duct	noun	6629	C1
cruiser	noun	6630	C1
waiver	noun	6631	C1
overload	verb	6632	C1
revisit	verb	6633	C1
locomotive	noun	6634	C1
crusade	noun	6635	C1
sponge	noun	6636	C1
heater	noun	6637	C1
chromosome	noun	6638	C1
reconsider	verb	6639	C1
mascot	noun	6640	C1
wink	verb	6641	C1
defer	verb	6642	C1
cache	noun	6643	C1
guitarist	noun	6644	C1
inhibitor	noun	6645	C1
stump	noun	6646	C1
robber	noun	6647	C1
housewife	noun	6648	C1
posture	noun	6649	C1
chemist	noun	6650	C1
akin	adj	6651	C1
alphabet	noun	6652	C1
baseline	noun	6653	C1
beware	verb	6654	C1
bisexual	adj	6655	C1
boulevard	noun	6656	C1
cinnamon	noun	6657	C1
comprehend	verb	6658	C1
compulsory	adj	6659	C1
contamination	noun	6660	C1
creed	noun	6661	C1
crust	noun	6662	C1
dietary	adj	6663	C1
domination	noun	6664	C1
flora	noun	6665	C1
functionality	noun	6666	C1
gravel	noun	6667	C1
irregular	adj	6668	C1
juicy	adj	6669	C1
manually	adv	6670	C1
meaningless	adj	6671	C1
pottery	noun	6672	C1
premature	adj	6673	C1
quartz	noun	6674	C1
residency	noun	6675	C1
responsive	adj	6676	C1
stimulation	noun	6677	C1
stylish	adj	6678	C1
tidal	adj	6679	C1
unwilling	adj	6680	C1
validity	noun	6681	C1
verification	noun	6682	C1
whichever	pron	6683	C1
wrath	noun	6684	C1
hover	verb	6685	C1
edible	adj	6686	C1
unload	verb	6687	C1
muse	verb	6688	C1
refrigerator	noun	6689	C1
dictatorship	noun	6690	C1
damp	adj	6691	C1
cellar	noun	6692	C1
weaver	noun	6693	C1
menace	noun	6694	C1
laurel	noun	6695	C1
refrain	noun	6696	C1
stint	noun	6697	C1
nurture	verb	6698	C1
grieve	verb	6699	C1
recess	noun	6700	C1
resin	noun	6701	C1
canoe	noun	6702	C1
giveaway	noun	6703	C1
pun	noun	6704	C1
rift	noun	6705	C1
piercing	adj	6706	C1
graze	verb	6707	C1
leftover	noun	6708	C1
revoke	verb	6709	C1
paradigm	noun	6710	C1
trajectory	noun	6711	C1
plaster	noun	6712	C1
aggravate	verb	6713	C1
hitter	noun	6714	C1
allegiance	noun	6715	C1
apt	adj	6716	C1
broadband	noun	6717	C1
chalk	noun	6718	C1
contingent	noun	6719	C1
eldest	adj	6720	C1
entirety	noun	6721	C1
exodus	noun	6722	C1
fallout	noun	6723	C1
footstep	noun	6724	C1
forestry	noun	6725	C1
grim	adj	6726	C1
helpless	adj	6727	C1
hemisphere	noun	6728	C1
inconvenience	noun	6729	C1
invasive	adj	6730	C1
irrigation	noun	6731	C1
lastly	adv	6732	C1
midway	adv	6733	C1
moist	adj	6734	C1
mustard	noun	6735	C1
poetic	adj	6736	C1
purity	noun	6737	C1
realism	noun	6738	C1
shale	noun	6739	C1
shin	noun	6740	C1
sophomore	noun	6741	C1
stigma	noun	6742	C1
takeover	noun	6743	C1
socket	noun	6744	C1
subordinate	noun	6745	C1
fundraiser	noun	6746	C1
reap	verb	6747	C1
simulator	noun	6748	C1
paradox	noun	6749	C1
chore	noun	6750	C1
deduction	noun	6751	C1
inflate	verb	6752	C1
gardener	noun	6753	C1
pesticide	noun	6754	C1
motel	noun	6755	C1
dependency	noun	6756	C1
donut	noun	6757	C1
anomaly	noun	6758	C1
crate	noun	6759	C1
gland	noun	6760	C1
sect	noun	6761	C1
seam	noun	6762	C1
yarn	noun	6763	C1
tread	verb	6764	C1
handler	noun	6765	C1
scrape	verb	6766	C1
trooper	noun	6767	C1
entail	verb	6768	C1
freeway	noun	6769	C1
storey	noun	6770	C1
cupcake	noun	6771	C1
deepen	verb	6772	C1
booster	noun	6773	C1
bandit	noun	6774	C1
auditor	noun	6775	C1
badger	noun	6776	C1
thorn	noun	6777	C1
lapse	noun	6778	C1
eruption	noun	6779	C1
exert	verb	6780	C1
mariner	noun	6781	C1
archaeological	adj	6782	C1
betrayal	noun	6783	C1
cardiovascular	adj	6784	C1
chic	adj	6785	C1
communal	adj	6786	C1
consortium	noun	6787	C1
countdown	noun	6788	C1
disastrous	adj	6789	C1
durable	adj	6790	C1
efficacy	noun	6791	C1
freelance	adj	6792	C1
honeymoon	noun	6793	C1
ignition	noun	6794	C1
investigative	adj	6795	C1
mutually	adv	6796	C1
obese	adj	6797	C1
outreach	noun	6798	C1
pandemic	noun	6799	C1
perimeter	noun	6800	C1
procurement	noun	6801	C1
pulp	noun	6802	C1
ransom	noun	6803	C1
rigorous	adj	6804	C1
scenery	noun	6805	C1
sensory	adj	6806	C1
skeptical	adj	6807	C1
sleepy	adj	6808	C1
smoothly	adv	6809	C1
suppression	noun	6810	C1
sushi	noun	6811	C1
terminology	noun	6812	C1
theatrical	adj	6813	C1
turnout	noun	6814	C1
unanimous	adj	6815	C1
unpredictable	adj	6816	C1
validation	noun	6817	C1
vengeance	noun	6818	C1
visually	adv	6819	C1
moth	noun	6820	C1
dorm	noun	6821	C1
emblem	noun	6822	C1
larva	noun	6823	C1
scooter	noun	6824	C1
waive	verb	6825	C1
kernel	noun	6826	C1
taper	verb	6827	C1
fugitive	noun	6828	C1
vase	noun	6829	C1
bowel	noun	6830	C1
gunshot	noun	6831	C1
diversify	verb	6832	C1
appropriation	noun	6833	C1
culminate	verb	6834	C1
sear	verb	6835	C1
linen	noun	6836	C1
conserve	verb	6837	C1
dim	adj	6838	C1
legalize	verb	6839	C1
contradiction	noun	6840	C1
regent	noun	6841	C1
fabricate	verb	6842	C1
pavement	noun	6843	C1
paddle	verb	6844	C1
cuddle	verb	6845	C1
augment	verb	6846	C1
destroyer	noun	6847	C1
adapter	noun	6848	C1
lament	verb	6849	C1
leopard	noun	6850	C1
walnut	noun	6851	C1
interpreter	noun	6852	C1
unicorn	noun	6853	C1
rooftop	noun	6854	C1
libertarian	noun	6855	C1
fetus	noun	6856	C1
overhaul	verb	6857	C1
activism	noun	6858	C1
advent	noun	6859	C1
airborne	adj	6860	C1
alas	adv	6861	C1
caffeine	noun	6862	C1
chaotic	adj	6863	C1
commercially	adv	6864	C1
dusty	adj	6865	C1
enlightenment	noun	6866	C1
focal	adj	6867	C1
gala	noun	6868	C1
gladly	adv	6869	C1
goodwill	noun	6870	C1
gradual	adj	6871	C1
heartbeat	noun	6872	C1
imminent	adj	6873	C1
inaugural	adj	6874	C1
insulation	noun	6875	C1
irresponsible	adj	6876	C1
malicious	adj	6877	C1
muscular	adj	6878	C1
neutrality	noun	6879	C1
noisy	adj	6880	C1
peculiar	adj	6881	C1
proprietary	noun	6882	C1
prostate	noun	6883	C1
rash	noun	6884	C1
ripe	adj	6885	C1
riverside	noun	6886	C1
sane	adj	6887	C1
savior	noun	6888	C1
scenic	adj	6889	C1
statistically	adv	6890	C1
strangely	adv	6891	C1
susceptible	adj	6892	C1
unsafe	adj	6893	C1
verge	noun	6894	C1
vibrant	adj	6895	C1
yeast	noun	6896	C1
shovel	noun	6897	C1
slab	noun	6898	C1
curator	noun	6899	C1
poppy	noun	6900	C1
excavation	noun	6901	C1
fumble	verb	6902	C1
collide	verb	6903	C1
postcard	noun	6904	C1
stakeholder	noun	6905	C1
magician	noun	6906	C1
distortion	noun	6907	C1
impairment	noun	6908	C1
itch	verb	6909	C1
tug	verb	6910	C1
deportation	noun	6911	C1
jockey	noun	6912	C1
mystic	adj	6913	C1
physicist	noun	6914	C1
redesign	verb	6915	C1
appall	verb	6916	C1
cascade	verb	6917	C1
crater	noun	6918	C1
suitcase	noun	6919	C1
customize	verb	6920	C1
compute	verb	6921	C1
consul	noun	6922	C1
emerald	noun	6923	C1
nugget	noun	6924	C1
recite	verb	6925	C1
blackout	noun	6926	C1
patty	noun	6927	C1
buckle	verb	6928	C1
misuse	verb	6929	C1
latitude	noun	6930	C1
calculator	noun	6931	C1
chimney	noun	6932	C1
absorption	noun	6933	C1
acne	noun	6934	C1
backlash	noun	6935	C1
cardboard	noun	6936	C1
casually	adv	6937	C1
collateral	adj	6938	C1
congestion	noun	6939	C1
daytime	noun	6940	C1
demise	noun	6941	C1
dependence	noun	6942	C1
dire	adj	6943	C1
downhill	adv	6944	C1
dreadful	adj	6945	C1
drunken	adj	6946	C1
earnest	adj	6947	C1
extinct	adj	6948	C1
freezer	noun	6949	C1
genetically	adv	6950	C1
honorary	adj	6951	C1
immature	adj	6952	C1
imperative	adj	6953	C1
ineffective	adj	6954	C1
manly	adj	6955	C1
maternity	noun	6956	C1
misconduct	noun	6957	C1
needless	adj	6958	C1
novelty	noun	6959	C1
optimism	noun	6960	C1
optimization	noun	6961	C1
outdated	adj	6962	C1
pornography	noun	6963	C1
prevalence	noun	6964	C1
provisional	adj	6965	C1
saturate	verb	6966	C1
softball	noun	6967	C1
southeastern	adj	6968	C1
stupidity	noun	6969	C1
tangible	adj	6970	C1
trivial	adj	6971	C1
unofficial	adj	6972	C1
versatile	adj	6973	C1
ignite	verb	6974	C1
pagan	noun	6975	C1
startle	verb	6976	C1
trainee	noun	6977	C1
peep	verb	6978	C1
ornament	noun	6979	C1
mosaic	noun	6980	C1
crave	verb	6981	C1
burner	noun	6982	C1
mummy	noun	6983	C1
dagger	noun	6984	C1
antiquity	noun	6985	C1
pastry	noun	6986	C1
concussion	noun	6987	C1
shutter	noun	6988	C1
nuance	noun	6989	C1
reflex	noun	6990	C1
perpetrator	noun	6991	C1
equate	verb	6992	C1
entitlement	noun	6993	C1
hive	noun	6994	C1
racer	noun	6995	C1
mural	noun	6996	C1
refinery	noun	6997	C1
anthropology	noun	6998	C1
bamboo	noun	6999	C1
basil	noun	7000	C1
corporal	noun	7001	C1
courtyard	noun	7002	C1
deception	noun	7003	C1
decor	noun	7004	C1
discomfort	noun	7005	C1
drastically	adv	7006	C1
driveway	noun	7007	C1
evenly	adv	7008	C1
fashionable	adj	7009	C1
formidable	adj	7010	C1
fuzzy	adj	7011	C1
gothic	adj	7012	C1
hugely	adv	7013	C1
hypocrisy	noun	7014	C1
inaccurate	adj	7015	C1
inception	noun	7016	C1
incompetent	adj	7017	C1
indefinitely	adv	7018	C1
kin	noun	7019	C1
loneliness	noun	7020	C1
malaria	noun	7021	C1
manifesto	noun	7022	C1
maze	noun	7023	C1
narrowly	adv	7024	C1
negligence	noun	7025	C1
numerical	adj	7026	C1
obsolete	adj	7027	C1
optic	adj	7028	C1
preseason	noun	7029	C1
resonance	noun	7030	C1
ruthless	adj	7031	C1
samurai	noun	7032	C1
satire	noun	7033	C1
seafood	noun	7034	C1
spaghetti	noun	7035	C1
speedy	adj	7036	C1
standpoint	noun	7037	C1
torque	noun	7038	C1
unconstitutional	adj	7039	C1
vocational	adj	7040	C1
zinc	noun	7041	C1
dilute	verb	7042	C1
columnist	noun	7043	C1
kite	noun	7044	C1
atrocity	noun	7045	C1
kneel	verb	7046	C1
cloak	noun	7047	C1
dwell	verb	7048	C1
sediment	noun	7049	C1
caucus	noun	7050	C1
stool	noun	7051	C1
contraction	noun	7052	C1
liter	noun	7053	C1
qualifier	noun	7054	C1
connector	noun	7055	C1
pore	noun	7056	C1
revert	verb	7057	C1
sneaker	noun	7058	C1
usher	verb	7059	C1
crocodile	noun	7060	C1
condolence	noun	7061	C1
pineapple	noun	7062	C1
staircase	noun	7063	C1
headset	noun	7064	C1
blueprint	noun	7065	C1
baffle	verb	7066	C1
pear	noun	7067	C1
jog	verb	7068	C1
oppress	verb	7069	C1
rein	noun	7070	C1
woe	noun	7071	C1
pigment	noun	7072	C1
commuter	noun	7073	C1
diner	noun	7074	C1
wavelength	noun	7075	C1
imitate	verb	7076	C1
pawn	noun	7077	C1
accustom	verb	7078	C1
adequately	adv	7079	C1
amazingly	adv	7080	C1
approximate	verb	7081	C1
bargaining	noun	7082	C1
baton	noun	7083	C1
breakup	noun	7084	C1
checkout	noun	7085	C1
cocoa	noun	7086	C1
corpus	noun	7087	C1
cove	noun	7088	C1
cozy	adj	7089	C1
culturally	adv	7090	C1
disrespectful	adj	7091	C1
electorate	noun	7092	C1
erosion	noun	7093	C1
handmade	adj	7094	C1
incidence	noun	7095	C1
intimacy	noun	7096	C1
mileage	noun	7097	C1
mythology	noun	7098	C1
neon	noun	7099	C1
northeastern	adj	7100	C1
nutritional	adj	7101	C1
plausible	adj	7102	C1
precipitation	noun	7103	C1
scarlet	noun	7104	C1
southwestern	adj	7105	C1
spokesperson	noun	7106	C1
standardize	verb	7107	C1
sultan	noun	7108	C1
supremacy	noun	7109	C1
theoretically	adv	7110	C1
thirst	noun	7111	C1
transitional	adj	7112	C1
tuna	noun	7113	C1
unused	adj	7114	C1
vinegar	noun	7115	C1
procession	noun	7116	C1
meteor	noun	7117	C1
wrinkle	noun	7118	C1
stash	noun	7119	C1
syndicate	noun	7120	C1
interception	noun	7121	C1
manifestation	noun	7122	C1
cheque	noun	7123	C1
electrode	noun	7124	C1
tickle	verb	7125	C1
coyote	noun	7126	C1
glare	verb	7127	C1
soothe	verb	7128	C1
motif	noun	7129	C1
fraternity	noun	7130	C1
raft	noun	7131	C1
fireplace	noun	7132	C1
clog	verb	7133	C1
barge	noun	7134	C1
inquire	verb	7135	C1
wrestle	verb	7136	C1
heroine	noun	7137	C1
catcher	noun	7138	C1
steward	noun	7139	C1
sow	verb	7140	C1
examiner	noun	7141	C1
cyclone	noun	7142	C1
sprout	verb	7143	C1
erupt	verb	7144	C1
cashier	noun	7145	C1
overdose	noun	7146	C1
waitress	noun	7147	C1
fling	verb	7148	C1
sitcom	noun	7149	C1
rethink	verb	7150	C1
tanker	noun	7151	C1
aggressively	adv	7152	C1
amnesty	noun	7153	C1
astronomy	noun	7154	C1
atop	prep	7155	C1
attic	noun	7156	C1
autobiography	noun	7157	C1
coherent	adj	7158	C1
comfy	adj	7159	C1
crooked	adj	7160	C1
cultivation	noun	7161	C1
displacement	noun	7162	C1
drastic	adj	7163	C1
fax	noun	7164	C1
gigantic	adj	7165	C1
halftime	noun	7166	C1
hash	noun	7167	C1
inactive	adj	7168	C1
legitimacy	noun	7169	C1
morally	adv	7170	C1
peacefully	adv	7171	C1
periodic	adj	7172	C1
podium	noun	7173	C1
puck	noun	7174	C1
rum	noun	7175	C1
safari	noun	7176	C1
seldom	adv	7177	C1
soy	noun	7178	C1
statewide	adj	7179	C1
stationary	adj	7180	C1
tar	noun	7181	C1
temporal	adj	7182	C1
unavailable	adj	7183	C1
universally	adv	7184	C1
unlucky	adj	7185	C1
womb	noun	7186	C1
yogurt	noun	7187	C1
capitalize	verb	7188	C1
fatality	noun	7189	C1
dune	noun	7190	C1
interrogation	noun	7191	C1
mango	noun	7192	C1
boutique	noun	7193	C1
hound	noun	7194	C1
ration	noun	7195	C1
broaden	verb	7196	C1
semiconductor	noun	7197	C1
subset	noun	7198	C1
hue	noun	7199	C1
carving	noun	7200	C1
cadet	noun	7201	C1
wasp	noun	7202	C1
mixer	noun	7203	C1
juror	noun	7204	C1
plank	noun	7205	C1
entertainer	noun	7206	C1
glitch	noun	7207	C1
crook	noun	7208	C1
sedan	noun	7209	C1
catastrophe	noun	7210	C1
vapor	noun	7211	C1
grower	noun	7212	C1
kangaroo	noun	7213	C1
aquarium	noun	7214	C1
facet	noun	7215	C1
evade	verb	7216	C1
formulation	noun	7217	C1
multinational	adj	7218	C1
loosen	verb	7219	C1
convene	verb	7220	C1
numb	adj	7221	C1
reconstruct	verb	7222	C1
abduct	verb	7223	C1
portrayal	noun	7224	C1
disparity	noun	7225	C1
borrower	noun	7226	C1
traverse	verb	7227	C1
occupant	noun	7228	C1
alpine	adj	7229	C1
ambient	adj	7230	C1
aquatic	adj	7231	C1
armored	adj	7232	C1
bandwidth	noun	7233	C1
barbecue	noun	7234	C1
beforehand	adv	7235	C1
bipolar	adj	7236	C1
bladder	noun	7237	C1
computational	adj	7238	C1
conceptual	adj	7239	C1
debit	noun	7240	C1
demolition	noun	7241	C1
downstream	adv	7242	C1
empirical	adj	7243	C1
faulty	adj	7244	C1
fertile	adj	7245	C1
fuss	noun	7246	C1
generosity	noun	7247	C1
gluten	noun	7248	C1
heavyweight	noun	7249	C1
humane	adj	7250	C1
lawful	adj	7251	C1
loosely	adv	7252	C1
lotus	noun	7253	C1
mantle	noun	7254	C1
metabolic	adj	7255	C1
midfield	noun	7256	C1
nostalgia	noun	7257	C1
paperback	noun	7258	C1
pavilion	noun	7259	C1
rectangular	adj	7260	C1
sarcasm	noun	7261	C1
sexist	adj	7262	C1
shutdown	noun	7263	C1
unanimously	adv	7264	C1
undefeated	adj	7265	C1
unfamiliar	adj	7266	C1
vastly	adv	7267	C1
vile	adj	7268	C1
violently	adv	7269	C1
wisely	adv	7270	C1
amplifier	noun	7271	C1
enchant	verb	7272	C1
proponent	noun	7273	C1
torpedo	noun	7274	C1
narcotic	noun	7275	C1
router	noun	7276	C1
overflow	verb	7277	C1
obstruction	noun	7278	C1
ponder	verb	7279	C1
handbag	noun	7280	C1
tangle	noun	7281	C1
embryo	noun	7282	C1
knob	noun	7283	C1
dazzle	verb	7284	C1
lighthouse	noun	7285	C1
insulate	verb	7286	C1
raspberry	noun	7287	C1
coefficient	noun	7288	C1
parrot	noun	7289	C1
downside	noun	7290	C1
muster	verb	7291	C1
pronoun	noun	7292	C1
doorway	noun	7293	C1
depiction	noun	7294	C1
infiltrate	verb	7295	C1
streamline	verb	7296	C1
dunk	verb	7297	C1
glaze	verb	7298	C1
mast	noun	7299	C1
perish	verb	7300	C1
delusion	noun	7301	C1
booklet	noun	7302	C1
fragrance	noun	7303	C1
ballad	noun	7304	C1
theorist	noun	7305	C1
adaptive	adj	7306	C1
addictive	adj	7307	C1
affinity	noun	7308	C1
apartheid	noun	7309	C1
arthritis	noun	7310	C1
courthouse	noun	7311	C1
dissolution	noun	7312	C1
evangelical	adj	7313	C1
exquisite	adj	7314	C1
factual	adj	7315	C1
falsely	adv	7316	C1
famine	noun	7317	C1
fraudulent	adj	7318	C1
freshly	adv	7319	C1
homage	noun	7320	C1
hypothetical	adj	7321	C1
informative	adj	7322	C1
infringement	noun	7323	C1
jasmine	noun	7324	C1
knockout	noun	7325	C1
lookout	noun	7326	C1
moonlight	noun	7327	C1
moose	noun	7328	C1
onwards	adv	7329	C1
payday	noun	7330	C1
perpetual	adj	7331	C1
physiology	noun	7332	C1
plateau	noun	7333	C1
proliferation	noun	7334	C1
pudding	noun	7335	C1
regeneration	noun	7336	C1
remembrance	noun	7337	C1
reminiscent	adj	7338	C1
resentment	noun	7339	C1
rusty	adj	7340	C1
scarce	adj	7341	C1
slippery	adj	7342	C1
suicidal	adj	7343	C1
symposium	noun	7344	C1
underrate	verb	7345	C1
unidentified	adj	7346	C1
unrest	noun	7347	C1
unseen	adj	7348	C1
utmost	adj	7349	C1
weary	adj	7350	C1
reptile	noun	7351	C1
straighten	verb	7352	C1
feeder	noun	7353	C1
narrate	verb	7354	C1
golfer	noun	7355	C1
blackmail	verb	7356	C1
inhale	verb	7357	C1
blazer	noun	7358	C1
helper	noun	7359	C1
diversion	noun	7360	C1
axle	noun	7361	C1
dryer	noun	7362	C1
runaway	adj	7363	C1
turret	noun	7364	C1
assassinate	verb	7365	C1
germ	noun	7366	C1
clinch	verb	7367	C1
pasture	noun	7368	C1
odor	noun	7369	C1
alienate	verb	7370	C1
flake	noun	7371	C1
cringe	verb	7372	C1
reboot	verb	7373	C1
rake	verb	7374	C1
paycheck	noun	7375	C1
medic	noun	7376	C1
bearer	noun	7377	C1
tram	noun	7378	C1
setback	noun	7379	C1
denomination	noun	7380	C1
commandment	noun	7381	C1
pollute	verb	7382	C1
cougar	noun	7383	C1
adjustable	adj	7384	C1
adulthood	noun	7385	C1
agony	noun	7386	C1
authenticity	noun	7387	C1
backstage	noun	7388	C1
binge	noun	7389	C1
bloc	noun	7390	C1
bourbon	noun	7391	C1
breathtaking	adj	7392	C1
brutality	noun	7393	C1
calculus	noun	7394	C1
careless	adj	7395	C1
cerebral	adj	7396	C1
cheerful	adj	7397	C1
cinematic	adj	7398	C1
climax	noun	7399	C1
cockpit	noun	7400	C1
communion	noun	7401	C1
crimson	adj	7402	C1
curly	adj	7403	C1
degradation	noun	7404	C1
equilibrium	noun	7405	C1
evidently	adv	7406	C1
fascinate	verb	7407	C1
flawless	adj	7408	C1
granddaughter	noun	7409	C1
gymnastics	noun	7410	C1
humorous	adj	7411	C1
indoors	adv	7412	C1
intercourse	noun	7413	C1
interestingly	adv	7414	C1
muddy	adj	7415	C1
nominal	adj	7416	C1
prolific	adj	7417	C1
proportional	adj	7418	C1
prosperous	adj	7419	C1
restless	adj	7420	C1
sap	verb	7421	C1
sarcastic	adj	7422	C1
scholarly	adj	7423	C1
segregation	noun	7424	C1
sinister	adj	7425	C1
testosterone	noun	7426	C1
ventilation	noun	7427	C1
petal	noun	7428	C1
sleeper	noun	7429	C1
hectare	noun	7430	C1
interviewer	noun	7431	C1
biologist	noun	7432	C1
muffin	noun	7433	C1
wanderer	noun	7434	C1
flute	noun	7435	C1
stomp	verb	7436	C1
waterway	noun	7437	C1
improvise	verb	7438	C1
islander	noun	7439	C1
braid	noun	7440	C1
parachute	noun	7441	C1
astronomer	noun	7442	C1
uplift	verb	7443	C1
amenity	noun	7444	C1
gunner	noun	7445	C1
exporter	noun	7446	C1
dosage	noun	7447	C1
surname	noun	7448	C1
howl	noun	7449	C1
vibrate	verb	7450	C1
imbalance	noun	7451	C1
insurgent	noun	7452	C1
launcher	noun	7453	C1
semifinal	noun	7454	C1
loaf	noun	7455	C1
flea	noun	7456	C1
erode	verb	7457	C1
additive	noun	7458	C1
excursion	noun	7459	C1
thunderstorm	noun	7460	C1
endowment	noun	7461	C1
worsen	verb	7462	C1
hamper	verb	7463	C1
bartender	noun	7464	C1
solvent	noun	7465	C1
spank	verb	7466	C1
barbarian	noun	7467	C1
alleviate	verb	7468	C1
lesion	noun	7469	C1
shrub	noun	7470	C1
hypocrite	noun	7471	C1
envoy	noun	7472	C1
sparrow	noun	7473	C1
accumulation	noun	7474	C1
admiration	noun	7475	C1
aesthetics	noun	7476	C1
authoritarian	adj	7477	C1
banquet	noun	7478	C1
bravery	noun	7479	C1
brutally	adv	7480	C1
compatibility	noun	7481	C1
conditional	adj	7482	C1
cortex	noun	7483	C1
courageous	adj	7484	C1
cynical	adj	7485	C1
dynamite	noun	7486	C1
economical	adj	7487	C1
elastic	adj	7488	C1
exposition	noun	7489	C1
fetish	noun	7490	C1
fluffy	adj	7491	C1
geometric	adj	7492	C1
gracious	adj	7493	C1
humility	noun	7494	C1
impeachment	noun	7495	C1
inherently	adv	7496	C1
lumber	noun	7497	C1
madam	noun	7498	C1
marital	adj	7499	C1
multitude	noun	7500	C1
nanny	noun	7501	C1
nineteen	det	7502	C1
orbital	adj	7503	C1
patriotism	noun	7504	C1
periodically	adv	7505	C1
readiness	noun	7506	C1
redundant	adj	7507	C1
resemblance	noun	7508	C1
slender	adj	7509	C1
sloppy	adj	7510	C1
societal	adj	7511	C1
superiority	noun	7512	C1
surreal	adj	7513	C1
typhoon	noun	7514	C1
unreal	adj	7515	C1
wartime	noun	7516	C1
landslide	noun	7517	C1
anecdote	noun	7518	C1
bog	noun	7519	C1
confiscate	verb	7520	C1
converse	verb	7521	C1
gradient	noun	7522	C1
indict	verb	7523	C1
grievance	noun	7524	C1
seduce	verb	7525	C1
override	verb	7526	C1
crusader	noun	7527	C1
mobilize	verb	7528	C1
hind	adj	7529	C1
precursor	noun	7530	C1
halve	verb	7531	C1
lessen	verb	7532	C1
wetland	noun	7533	C1
cameo	noun	7534	C1
syllable	noun	7535	C1
curate	verb	7536	C1
questionnaire	noun	7537	C1
envision	verb	7538	C1
breastfeed	verb	7539	C1
weekday	noun	7540	C1
deter	verb	7541	C1
pageant	noun	7542	C1
flatten	verb	7543	C1
imam	noun	7544	C1
souvenir	noun	7545	C1
checkpoint	noun	7546	C1
emulate	verb	7547	C1
hush	verb	7548	C1
abdominal	adj	7549	C1
backdrop	noun	7550	C1
catastrophic	adj	7551	C1
charcoal	noun	7552	C1
cheesy	adj	7553	C1
citrus	noun	7554	C1
competence	noun	7555	C1
contagious	adj	7556	C1
conveniently	adv	7557	C1
courtroom	noun	7558	C1
eccentric	adj	7559	C1
electromagnetic	adj	7560	C1
fascism	noun	7561	C1
fearful	adj	7562	C1
festive	adj	7563	C1
foreman	noun	7564	C1
improper	adj	7565	C1
influx	noun	7566	C1
liaison	noun	7567	C1
needy	adj	7568	C1
optics	noun	7569	C1
potassium	noun	7570	C1
priceless	adj	7571	C1
reflective	adj	7572	C1
resilience	noun	7573	C1
scissors	noun	7574	C1
seaside	noun	7575	C1
shampoo	noun	7576	C1
silently	adv	7577	C1
tango	noun	7578	C1
tolerant	adj	7579	C1
toxicity	noun	7580	C1
tuberculosis	noun	7581	C1
willingly	adv	7582	C1
youthful	adj	7583	C1
peril	noun	7584	C1
cheerleader	noun	7585	C1
maverick	noun	7586	C1
hamburger	noun	7587	C1
primer	noun	7588	C1
poise	noun	7589	C1
gunman	noun	7590	C1
bodyguard	noun	7591	C1
filler	noun	7592	C1
neutron	noun	7593	C1
commend	verb	7594	C1
etch	verb	7595	C1
riff	noun	7596	C1
anarchist	noun	7597	C1
cavalier	adj	7598	C1
torment	noun	7599	C1
wildfire	noun	7600	C1
vowel	noun	7601	C1
diva	noun	7602	C1
livelihood	noun	7603	C1
proton	noun	7604	C1
knuckle	noun	7605	C1
ox	noun	7606	C1
iteration	noun	7607	C1
ridicule	verb	7608	C1
purchaser	noun	7609	C1
apprenticeship	noun	7610	C1
fluctuation	noun	7611	C1
mercenary	noun	7612	C1
imprint	verb	7613	C1
hangover	noun	7614	C1
affirmative	adj	7615	C1
ambiguous	adj	7616	C1
archaeology	noun	7617	C1
autopsy	noun	7618	C1
blitz	noun	7619	C1
blockade	noun	7620	C1
brightness	noun	7621	C1
cologne	noun	7622	C1
combustion	noun	7623	C1
comprehension	noun	7624	C1
crescent	noun	7625	C1
defective	adj	7626	C1
disposable	adj	7627	C1
fiery	adj	7628	C1
flux	noun	7629	C1
handwriting	noun	7630	C1
hassle	noun	7631	C1
heartbreaking	adj	7632	C1
immensely	adv	7633	C1
inauguration	noun	7634	C1
incorrectly	adv	7635	C1
indicative	adj	7636	C1
inexpensive	adj	7637	C1
intuitive	adj	7638	C1
jolly	adj	7639	C1
majestic	adj	7640	C1
mastery	noun	7641	C1
metropolis	noun	7642	C1
pathology	noun	7643	C1
poisonous	adj	7644	C1
relocation	noun	7645	C1
rosemary	noun	7646	C1
sandstone	noun	7647	C1
sanitation	noun	7648	C1
satisfactory	adj	7649	C1
secrecy	noun	7650	C1
shameful	adj	7651	C1
unauthorized	adj	7652	C1
unnamed	adj	7653	C1
venom	noun	7654	C1
victorious	adj	7655	C1
wary	adj	7656	C1
wellness	noun	7657	C1
windy	adj	7658	C1
snapshot	noun	7659	C1
pamphlet	noun	7660	C1
slit	noun	7661	C1
arouse	verb	7662	C1
tout	verb	7663	C1
discredit	verb	7664	C1
bookstore	noun	7665	C1
adjective	noun	7666	C1
sandal	noun	7667	C1
waffle	noun	7668	C1
teller	noun	7669	C1
webcam	noun	7670	C1
mermaid	noun	7671	C1
astound	verb	7672	C1
perch	noun	7673	C1
repayment	noun	7674	C1
cleric	noun	7675	C1
landowner	noun	7676	C1
shortcut	noun	7677	C1
dealership	noun	7678	C1
rodent	noun	7679	C1
volt	noun	7680	C1
hostel	noun	7681	C1
cucumber	noun	7682	C1
pebble	noun	7683	C1
archaeologist	noun	7684	C1
umpire	noun	7685	C1
fertilizer	noun	7686	C1
avocado	noun	7687	C1
invader	noun	7688	C1
graft	noun	7689	C1
heighten	verb	7690	C1
peck	verb	7691	C1
statesman	noun	7692	C1
resonate	verb	7693	C1
ripple	noun	7694	C1
launder	verb	7695	C1
photon	noun	7696	C1
amplify	verb	7697	C1
pharmacist	noun	7698	C1
contour	noun	7699	C1
intruder	noun	7700	C1
synagogue	noun	7701	C1
abdomen	noun	7702	C1
abruptly	adv	7703	C1
bedtime	noun	7704	C1
calmly	adv	7705	C1
captivity	noun	7706	C1
chemotherapy	noun	7707	C1
complementary	adj	7708	C1
connectivity	noun	7709	C1
consulate	noun	7710	C1
culinary	adj	7711	C1
discrete	adj	7712	C1
eminent	adj	7713	C1
encryption	noun	7714	C1
furry	adj	7715	C1
graveyard	noun	7716	C1
irrational	adj	7717	C1
lettuce	noun	7718	C1
lithium	noun	7719	C1
lucrative	adj	7720	C1
managerial	adj	7721	C1
moderately	adv	7722	C1
multimedia	noun	7723	C1
oasis	noun	7724	C1
oddly	adv	7725	C1
outskirts	noun	7726	C1
planetary	adj	7727	C1
porcelain	noun	7728	C1
psychiatry	noun	7729	C1
repetitive	adj	7730	C1
reversal	noun	7731	C1
savvy	adj	7732	C1
schizophrenia	noun	7733	C1
seriousness	noun	7734	C1
spree	noun	7735	C1
superficial	adj	7736	C1
upstream	adv	7737	C1
waterfront	noun	7738	C1
witty	adj	7739	C1
banish	verb	7740	C1
guerrilla	noun	7741	C1
disqualify	verb	7742	C1
lunatic	noun	7743	C1
repetition	noun	7744	C1
craze	noun	7745	C1
surfer	noun	7746	C1
pathogen	noun	7747	C1
prosper	verb	7748	C1
sharpen	verb	7749	C1
eradicate	verb	7750	C1
unsettle	verb	7751	C1
interruption	noun	7752	C1
anthology	noun	7753	C1
fir	noun	7754	C1
rinse	verb	7755	C1
deviation	noun	7756	C1
limp	verb	7757	C1
wrench	verb	7758	C1
artisan	noun	7759	C1
camper	noun	7760	C1
taboo	adj	7761	C1
blockbuster	noun	7762	C1
moderator	noun	7763	C1
motorway	noun	7764	C1
pluck	verb	7765	C1
alias	noun	7766	C1
implicate	verb	7767	C1
cram	verb	7768	C1
reuse	verb	7769	C1
resent	verb	7770	C1
adversary	noun	7771	C1
fiddle	noun	7772	C1
torrent	noun	7773	C1
diabetic	noun	7774	C1
entrust	verb	7775	C1
snoop	verb	7776	C1
prioritize	verb	7777	C1
strangle	verb	7778	C1
frown	verb	7779	C1
midterm	noun	7780	C1
rebate	noun	7781	C1
rupee	noun	7782	C1
cupboard	noun	7783	C1
arrogance	noun	7784	C1
attendee	noun	7785	C1
baptism	noun	7786	C1
blond	adj	7787	C1
bureaucracy	noun	7788	C1
cabbage	noun	7789	C1
cloudy	adj	7790	C1
compassionate	adj	7791	C1
convertible	noun	7792	C1
cumulative	adj	7793	C1
desperation	noun	7794	C1
detrimental	adj	7795	C1
diarrhea	noun	7796	C1
doctoral	adj	7797	C1
fearless	adj	7798	C1
finch	noun	7799	C1
fulfil	verb	7800	C1
hesitation	noun	7801	C1
humiliation	noun	7802	C1
impatient	adj	7803	C1
intricate	adj	7804	C1
karate	noun	7805	C1
longevity	noun	7806	C1
lore	noun	7807	C1
lush	adj	7808	C1
luxurious	adj	7809	C1
meltdown	noun	7810	C1
ministerial	adj	7811	C1
mystical	adj	7812	C1
odyssey	noun	7813	C1
plural	adj	7814	C1
rampant	adj	7815	C1
retaliation	noun	7816	C1
sewage	noun	7817	C1
spirituality	noun	7818	C1
tavern	noun	7819	C1
telegram	noun	7820	C1
titanium	noun	7821	C1
turbulence	noun	7822	C1
uneven	adj	7823	C1
urgency	noun	7824	C1
waterproof	adj	7825	C1
wonderfully	adv	7826	C1
brochure	noun	7827	C1
slipper	noun	7828	C1
serpent	noun	7829	C1
paramedic	noun	7830	C1
grit	noun	7831	C1
hydrate	verb	7832	C1
cohort	noun	7833	C1
husky	adj	7834	C1
collaborator	noun	7835	C1
chestnut	noun	7836	C1
lineage	noun	7837	C1
funnel	noun	7838	C1
wand	noun	7839	C1
restroom	noun	7840	C1
converter	noun	7841	C1
substitution	noun	7842	C1
tint	noun	7843	C1
stronghold	noun	7844	C1
otter	noun	7845	C1
glide	verb	7846	C1
subpoena	noun	7847	C1
memorize	verb	7848	C1
generalize	verb	7849	C1
projector	noun	7850	C1
integer	noun	7851	C1
illustrator	noun	7852	C1
discrepancy	noun	7853	C1
dispense	verb	7854	C1
wither	verb	7855	C1
subdue	verb	7856	C1
batsman	noun	7857	C1
culprit	noun	7858	C1
chaplain	noun	7859	C1
fortify	verb	7860	C1
pouch	noun	7861	C1
perpetuate	verb	7862	C1
procure	verb	7863	C1
normalize	verb	7864	C1
lodging	noun	7865	C1
inconsistency	noun	7866	C1
carbohydrate	noun	7867	C1
incite	verb	7868	C1
flashlight	noun	7869	C1
skater	noun	7870	C1
reinstate	verb	7871	C1
academia	noun	7872	C1
accreditation	noun	7873	C1
admittedly	adv	7874	C1
asbestos	noun	7875	C1
avoidance	noun	7876	C1
buffet	noun	7877	C1
chassis	noun	7878	C1
clarification	noun	7879	C1
consolation	noun	7880	C1
covert	adj	7881	C1
descriptive	adj	7882	C1
downfall	noun	7883	C1
empowerment	noun	7884	C1
ethic	noun	7885	C1
flair	noun	7886	C1
homecoming	noun	7887	C1
icy	adj	7888	C1
intuition	noun	7889	C1
invaluable	adj	7890	C1
kettle	noun	7891	C1
lax	adj	7892	C1
methane	noun	7893	C1
nausea	noun	7894	C1
neurological	adj	7895	C1
optimum	adj	7896	C1
overwhelmingly	adv	7897	C1
pastoral	adj	7898	C1
physiological	adj	7899	C1
poultry	noun	7900	C1
prominence	noun	7901	C1
quartet	noun	7902	C1
radically	adv	7903	C1
reactive	adj	7904	C1
restrictive	adj	7905	C1
robotic	adj	7906	C1
screenplay	noun	7907	C1
seismic	adj	7908	C1
seminary	noun	7909	C1
sideways	adv	7910	C1
skipper	noun	7911	C1
swiftly	adv	7912	C1
transcription	noun	7913	C1
uniquely	adv	7914	C1
unrealistic	adj	7915	C1
vat	noun	7916	C1
whereabouts	noun	7917	C1
leaflet	noun	7918	C1
grizzly	noun	7919	C1
glorify	verb	7920	C1
caretaker	noun	7921	C1
berth	noun	7922	C1
contingency	noun	7923	C1
psyche	noun	7924	C1
rotor	noun	7925	C1
recruiter	noun	7926	C1
immerse	verb	7927	C1
novice	noun	7928	C1
ratify	verb	7929	C1
malfunction	noun	7930	C1
ligament	noun	7931	C1
revere	verb	7932	C1
frenzy	noun	7933	C1
surveyor	noun	7934	C1
bestow	verb	7935	C1
outpost	noun	7936	C1
peptide	noun	7937	C1
warship	noun	7938	C1
hurl	verb	7939	C1
devour	verb	7940	C1
shiver	verb	7941	C1
roadway	noun	7942	C1
hitch	verb	7943	C1
asphalt	noun	7944	C1
backbone	noun	7945	C1
blizzard	noun	7946	C1
brawl	noun	7947	C1
celestial	adj	7948	C1
characterization	noun	7949	C1
conversely	adv	7950	C1
countess	noun	7951	C1
customary	adj	7952	C1
distinctly	adv	7953	C1
gunfire	noun	7954	C1
hoax	noun	7955	C1
insignificant	adj	7956	C1
knowledgeable	adj	7957	C1
lingerie	noun	7958	C1
marrow	noun	7959	C1
marvelous	adj	7960	C1
medicinal	adj	7961	C1
pediatric	adj	7962	C1
personalize	verb	7963	C1
playful	adj	7964	C1
quirky	adj	7965	C1
rationale	noun	7966	C1
reformation	noun	7967	C1
robotics	noun	7968	C1
runoff	noun	7969	C1
salsa	noun	7970	C1
sentimental	adj	7971	C1
simultaneous	adj	7972	C1
spooky	adj	7973	C1
stealth	noun	7974	C1
suspense	noun	7975	C1
syntax	noun	7976	C1
tandem	noun	7977	C1
televise	verb	7978	C1
tertiary	adj	7979	C1
thyroid	noun	7980	C1
tidy	adj	7981	C1
timeless	adj	7982	C1
unreliable	adj	7983	C1
upbeat	adj	7984	C1
usable	adj	7985	C1
vanguard	noun	7986	C1
vulgar	adj	7987	C1
watershed	noun	7988	C1
wiring	noun	7989	C1
obstruct	verb	7990	C1
plumber	noun	7991	C1
climber	noun	7992	C1
repository	noun	7993	C1
outweigh	verb	7994	C1
workload	noun	7995	C1
abort	verb	7996	C1
nag	verb	7997	C1
lobe	noun	7998	C1
vacate	verb	7999	C1
remodel	verb	8000	C1
skim	verb	8001	C1
grime	noun	8002	C1
rehearse	verb	8003	C1
adorn	verb	8004	C1
slum	noun	8005	C1
slump	verb	8006	C1
intestine	noun	8007	C1
timetable	noun	8008	C1
taint	noun	8009	C1
rupture	verb	8010	C1
scorpion	noun	8011	C1
hairstyle	noun	8012	C1
migraine	noun	8013	C1
haze	noun	8014	C1
lighten	verb	8015	C1
caterpillar	noun	8016	C1
appraisal	noun	8017	C1
pendant	noun	8018	C1
eject	verb	8019	C1
burglary	noun	8020	C1
canary	noun	8021	C1
orchid	noun	8022	C1
bouquet	noun	8023	C1
adrenaline	noun	8024	C1
anarchy	noun	8025	C1
ashore	adv	8026	C1
aura	noun	8027	C1
ballroom	noun	8028	C1
bilingual	adj	8029	C1
canopy	noun	8030	C1
civilized	adj	8031	C1
condemnation	noun	8032	C1
denim	noun	8033	C1
dew	noun	8034	C1
dishonest	adj	8035	C1
doubtful	adj	8036	C1
dysfunction	noun	8037	C1
encyclopedia	noun	8038	C1
engrave	verb	8039	C1
enrichment	noun	8040	C1
fauna	noun	8041	C1
fidelity	noun	8042	C1
finely	adv	8043	C1
fluent	adj	8044	C1
forefront	noun	8045	C1
freshwater	noun	8046	C1
hateful	adj	8047	C1
hepatitis	noun	8048	C1
initiation	noun	8049	C1
intensely	adv	8050	C1
jeopardy	noun	8051	C1
lockdown	noun	8052	C1
matte	adj	8053	C1
mediocre	adj	8054	C1
nicotine	noun	8055	C1
outward	adj	8056	C1
overrate	verb	8057	C1
piracy	noun	8058	C1
platoon	noun	8059	C1
residual	adj	8060	C1
rye	noun	8061	C1
sensational	adj	8062	C1
sexism	noun	8063	C1
sneaky	adj	8064	C1
starvation	noun	8065	C1
systematically	adv	8066	C1
truce	noun	8067	C1
tsunami	noun	8068	C1
turmoil	noun	8069	C1
tyranny	noun	8070	C1
unfit	adj	8071	C1
wellbeing	noun	8072	C1
annuity	noun	8073	C1
handgun	noun	8074	C1
duet	noun	8075	C1
incarnation	noun	8076	C1
oat	noun	8077	C1
converge	verb	8078	C1
constellation	noun	8079	C1
tart	adj	8080	C1
lagoon	noun	8081	C1
entice	verb	8082	C1
cassette	noun	8083	C1
purport	verb	8084	C1
proverb	noun	8085	C1
purify	verb	8086	C1
omission	noun	8087	C1
fanatic	noun	8088	C1
disarm	verb	8089	C1
antagonist	noun	8090	C1
forfeit	verb	8091	C1
sentinel	noun	8092	C1
reiterate	verb	8093	C1
radiate	verb	8094	C1
shear	verb	8095	C1
avenge	verb	8096	C1
intrusion	noun	8097	C1
persecute	verb	8098	C1
obituary	noun	8099	C1
tyrant	noun	8100	C1
craftsman	noun	8101	C1
drawback	noun	8102	C1
hijack	verb	8103	C1
abolition	noun	8104	C1
accessibility	noun	8105	C1
acquaint	verb	8106	C1
aloud	adv	8107	C1
angular	adj	8108	C1
anterior	adj	8109	C1
appendix	noun	8110	C1
auditorium	noun	8111	C1
benign	adj	8112	C1
brandy	noun	8113	C1
brink	noun	8114	C1
cheeky	adj	8115	C1
coastline	noun	8116	C1
cobra	noun	8117	C1
comparatively	adv	8118	C1
cosmos	noun	8119	C1
delusional	adj	8120	C1
deposition	noun	8121	C1
diligence	noun	8122	C1
fandom	noun	8123	C1
getaway	noun	8124	C1
glamour	noun	8125	C1
incidentally	adv	8126	C1
infinitely	adv	8127	C1
influenza	noun	8128	C1
instructional	adj	8129	C1
introductory	adj	8130	C1
loft	noun	8131	C1
massively	adv	8132	C1
mediation	noun	8133	C1
modular	adj	8134	C1
parenthood	noun	8135	C1
perennial	adj	8136	C1
persistence	noun	8137	C1
postage	noun	8138	C1
preschool	noun	8139	C1
procedural	adj	8140	C1
profoundly	adv	8141	C1
pronunciation	noun	8142	C1
relentless	adj	8143	C1
repression	noun	8144	C1
ridiculously	adv	8145	C1
shootout	noun	8146	C1
speculative	adj	8147	C1
submerge	verb	8148	C1
symmetry	noun	8149	C1
trustworthy	adj	8150	C1
twelfth	adj	8151	C1
ultrasound	noun	8152	C1
vascular	adj	8153	C1
wholesome	adj	8154	C1
fang	noun	8155	C1
byte	noun	8156	C1
hornet	noun	8157	C1
plow	verb	8158	C1
constrain	verb	8159	C1
playwright	noun	8160	C1
deflect	verb	8161	C1
attest	verb	8162	C1
infringe	verb	8163	C1
clot	noun	8164	C1
conspire	verb	8165	C1
reload	verb	8166	C1
accelerator	noun	8167	C1
camouflage	verb	8168	C1
rooster	noun	8169	C1
eel	noun	8170	C1
informant	noun	8171	C1
burrow	noun	8172	C1
crouch	verb	8173	C1
skier	noun	8174	C1
encrypt	verb	8175	C1
facade	noun	8176	C1
zebra	noun	8177	C1
solicit	verb	8178	C1
foreclosure	noun	8179	C1
claimant	noun	8180	C1
blueberry	noun	8181	C1
outnumber	verb	8182	C1
hone	verb	8183	C1
sneeze	noun	8184	C1
marketer	noun	8185	C1
tamper	verb	8186	C1
fern	noun	8187	C1
invert	verb	8188	C1
conglomerate	noun	8189	C1
beggar	noun	8190	C1
hallmark	noun	8191	C1
pew	noun	8192	C1
evict	verb	8193	C1
brownie	noun	8194	C1
slug	noun	8195	C1
detainee	noun	8196	C1
adjoin	verb	8197	C1
ancestry	noun	8198	C1
annex	verb	8199	C1
avid	adj	8200	C1
birch	noun	8201	C1
bland	adj	8202	C1
bridal	adj	8203	C1
broccoli	noun	8204	C1
chilly	adj	8205	C1
cider	noun	8206	C1
clueless	adj	8207	C1
consciously	adv	8208	C1
cradle	noun	8209	C1
decency	noun	8210	C1
diocese	noun	8211	C1
doorstep	noun	8212	C1
footing	noun	8213	C1
glamorous	adj	8214	C1
havoc	noun	8215	C1
homophobic	adj	8216	C1
humid	adj	8217	C1
inexperienced	adj	8218	C1
jackpot	noun	8219	C1
knowingly	adv	8220	C1
liberalism	noun	8221	C1
mantra	noun	8222	C1
microscope	noun	8223	C1
milky	adj	8224	C1
monumental	adj	8225	C1
nuisance	noun	8226	C1
obedience	noun	8227	C1
overdue	adj	8228	C1
payable	adj	8229	C1
picturesque	adj	8230	C1
pilgrimage	noun	8231	C1
pivot	verb	8232	C1
pivotal	adj	8233	C1
preventive	adj	8234	C1
profitability	noun	8235	C1
pulmonary	adj	8236	C1
regression	noun	8237	C1
resilient	adj	8238	C1
synonymous	adj	8239	C1
tedious	adj	8240	C1
utilization	noun	8241	C1
revolver	noun	8242	C1
abuser	noun	8243	C1
vocalist	noun	8244	C1
succumb	verb	8245	C1
fable	noun	8246	C1
horde	noun	8247	C1
gorge	noun	8248	C1
subsidize	verb	8249	C1
acronym	noun	8250	C1
dreamer	noun	8251	C1
inhibition	noun	8252	C1
blister	noun	8253	C1
stylist	noun	8254	C1
kilo	noun	8255	C1
motorist	noun	8256	C1
gutter	noun	8257	C1
crumb	noun	8258	C1
intoxicate	verb	8259	C1
adhesive	noun	8260	C1
socialize	verb	8261	C1
errand	noun	8262	C1
deacon	noun	8263	C1
fender	noun	8264	C1
commando	noun	8265	C1
misconception	noun	8266	C1
err	verb	8267	C1
redefine	verb	8268	C1
revamp	verb	8269	C1
thrash	verb	8270	C1
werewolf	noun	8271	C1
invoice	noun	8272	C1
midwife	noun	8273	C1
surrogate	noun	8274	C1
astronomical	adj	8275	C1
attire	noun	8276	C1
barley	noun	8277	C1
botanical	adj	8278	C1
breakout	noun	8279	C1
catchy	adj	8280	C1
ceremonial	adj	8281	C1
choreography	noun	8282	C1
concurrent	adj	8283	C1
differentiation	noun	8284	C1
dubious	adj	8285	C1
eagerly	adv	8286	C1
ecclesiastical	adj	8287	C1
elk	noun	8288	C1
exhaustion	noun	8289	C1
expectancy	noun	8290	C1
famously	adv	8291	C1
folklore	noun	8292	C1
galactic	adj	8293	C1
glee	noun	8294	C1
grassroots	adj	8295	C1
gravitational	adj	8296	C1
hereditary	adj	8297	C1
hiatus	noun	8298	C1
homestead	noun	8299	C1
horribly	adv	8300	C1
horsepower	noun	8301	C1
icing	noun	8302	C1
intellect	noun	8303	C1
interchange	noun	8304	C1
ledger	noun	8305	C1
magnesium	noun	8306	C1
mindful	adj	8307	C1
myriad	adj	8308	C1
nasal	adj	8309	C1
nautical	adj	8310	C1
neatly	adv	8311	C1
negativity	noun	8312	C1
noteworthy	adj	8313	C1
powerless	adj	8314	C1
pragmatic	adj	8315	C1
radiant	adj	8316	C1
remorse	noun	8317	C1
sanity	noun	8318	C1
showdown	noun	8319	C1
skyline	noun	8320	C1
supplemental	adj	8321	C1
trance	noun	8322	C1
unconditional	adj	8323	C1
unforgettable	adj	8324	C1
volatility	noun	8325	C1
apprehend	verb	8326	C1
soprano	noun	8327	C1
mingle	verb	8328	C1
mathematician	noun	8329	C1
tack	verb	8330	C1
burglar	noun	8331	C1
fume	verb	8332	C1
downgrade	verb	8333	C1
pellet	noun	8334	C1
mow	verb	8335	C1
chatter	verb	8336	C1
compressor	noun	8337	C1
cactus	noun	8338	C1
minion	noun	8339	C1
conditioner	noun	8340	C1
headlight	noun	8341	C1
casing	noun	8342	C1
vie	verb	8343	C1
barrister	noun	8344	C1
brood	noun	8345	C1
snowflake	noun	8346	C1
brighten	verb	8347	C1
engraving	noun	8348	C1
goblin	noun	8349	C1
tendon	noun	8350	C1
footnote	noun	8351	C1
infuse	verb	8352	C1
treatise	noun	8353	C1
visualize	verb	8354	C1
underdog	noun	8355	C1
outage	noun	8356	C1
wreath	noun	8357	C1
interrogate	verb	8358	C1
potion	noun	8359	C1
allude	verb	8360	C1
quilt	noun	8361	C1
superpower	noun	8362	C1
skateboard	noun	8363	C1
admirer	noun	8364	C1
adventurer	noun	8365	C1
caregiver	noun	8366	C1
loophole	noun	8367	C1
shun	verb	8368	C1
propagate	verb	8369	C1
admirable	adj	8370	C1
adventurous	adj	8371	C1
anyhow	adv	8372	C1
avalanche	noun	8373	C1
ballistic	adj	8374	C1
banter	noun	8375	C1
caramel	noun	8376	C1
charismatic	adj	8377	C1
commencement	noun	8378	C1
contradictory	adj	8379	C1
convent	noun	8380	C1
corrosion	noun	8381	C1
crib	noun	8382	C1
dearly	adv	8383	C1
defiance	noun	8384	C1
disposition	noun	8385	C1
ecstasy	noun	8386	C1
eleventh	adj	8387	C1
expiration	noun	8388	C1
expressly	adv	8389	C1
fabrication	noun	8390	C1
fascination	noun	8391	C1
frontal	adj	8392	C1
goalie	noun	8393	C1
gravy	noun	8394	C1
herring	noun	8395	C1
hysterical	adj	8396	C1
incompatible	adj	8397	C1
injunction	noun	8398	C1
innate	adj	8399	C1
keynote	noun	8400	C1
motivational	adj	8401	C1
nightly	adv	8402	C1
notwithstanding	adv	8403	C1
ordain	verb	8404	C1
paralysis	noun	8405	C1
patiently	adv	8406	C1
pianist	noun	8407	C1
placebo	noun	8408	C1
progressively	adv	8409	C1
retrospective	noun	8410	C1
righteousness	noun	8411	C1
scalp	noun	8412	C1
spinach	noun	8413	C1
stew	noun	8414	C1
sublime	adj	8415	C1
sweetness	noun	8416	C1
teamwork	noun	8417	C1
tequila	noun	8418	C1
terrestrial	adj	8419	C1
unnatural	adj	8420	C1
unstoppable	adj	8421	C1
upfront	adj	8422	C1
urgently	adv	8423	C1
virginity	noun	8424	C1
wharf	noun	8425	C1
washer	noun	8426	C1
typo	noun	8427	C1
mop	verb	8428	C1
steamer	noun	8429	C1
bathe	verb	8430	C1
clam	noun	8431	C1
cricketer	noun	8432	C1
rainforest	noun	8433	C1
geologist	noun	8434	C1
recollection	noun	8435	C1
misfortune	noun	8436	C1
takeaway	noun	8437	C1
jab	verb	8438	C1
maroon	adj	8439	C1
projectile	noun	8440	C1
compiler	noun	8441	C1
folly	noun	8442	C1
toad	noun	8443	C1
grapple	verb	8444	C1
proprietor	noun	8445	C1
amass	verb	8446	C1
synonym	noun	8447	C1
mend	verb	8448	C1
primate	noun	8449	C1
groan	verb	8450	C1
hillside	noun	8451	C1
misdemeanor	noun	8452	C1
tremble	verb	8453	C1
hoard	verb	8454	C1
lobbyist	noun	8455	C1
staffer	noun	8456	C1
cookbook	noun	8457	C1
sunflower	noun	8458	C1
alto	noun	8459	C1
aperture	noun	8460	C1
biodiversity	noun	8461	C1
biomedical	adj	8462	C1
breadth	noun	8463	C1
centralize	verb	8464	C1
containment	noun	8465	C1
coupling	noun	8466	C1
dangerously	adv	8467	C1
elusive	adj	8468	C1
espionage	noun	8469	C1
existential	adj	8470	C1
experimentation	noun	8471	C1
gloss	noun	8472	C1
grumpy	adj	8473	C1
guise	noun	8474	C1
imitation	noun	8475	C1
immersion	noun	8476	C1
inconvenient	adj	8477	C1
intrinsic	adj	8478	C1
irresistible	adj	8479	C1
leash	noun	8480	C1
makeover	noun	8481	C1
memorandum	noun	8482	C1
moderation	noun	8483	C1
nobility	noun	8484	C1
notation	noun	8485	C1
onstage	adv	8486	C1
ordeal	noun	8487	C1
painfully	adv	8488	C1
paranormal	adj	8489	C1
politely	adv	8490	C1
pollen	noun	8491	C1
puberty	noun	8492	C1
reggae	noun	8493	C1
relegate	verb	8494	C1
respectfully	adv	8495	C1
rodeo	noun	8496	C1
teaser	noun	8497	C1
throttle	noun	8498	C1
trendy	adj	8499	C1
turbulent	adj	8500	C1
unbearable	adj	8501	C1
underage	adj	8502	C1
unmarried	adj	8503	C1
vaguely	adv	8504	C1
vortex	noun	8505	C1
grudge	noun	8506	C1
healer	noun	8507	C1
psychopath	noun	8508	C1
payload	noun	8509	C1
stipulate	verb	8510	C1
encode	verb	8511	C1
pundit	noun	8512	C1
tablespoon	noun	8513	C1
swirl	verb	8514	C1
winery	noun	8515	C1
skyscraper	noun	8516	C1
eyewitness	noun	8517	C1
giraffe	noun	8518	C1
melon	noun	8519	C1
symbolize	verb	8520	C1
endanger	verb	8521	C1
intersect	verb	8522	C1
smoothie	noun	8523	C1
periodical	noun	8524	C1
inclination	noun	8525	C1
elm	noun	8526	C1
meditate	verb	8527	C1
polarize	verb	8528	C1
bandage	noun	8529	C1
resurrect	verb	8530	C1
baptize	verb	8531	C1
boredom	noun	8532	C1
brilliantly	adv	8533	C1
brunch	noun	8534	C1
burgundy	noun	8535	C1
cleanup	noun	8536	C1
concise	adj	8537	C1
confinement	noun	8538	C1
consultancy	noun	8539	C1
convergence	noun	8540	C1
despicable	adj	8541	C1
detachment	noun	8542	C1
digestive	adj	8543	C1
disclaimer	noun	8544	C1
discriminatory	adj	8545	C1
disruptive	adj	8546	C1
endlessly	adv	8547	C1
epilepsy	noun	8548	C1
estimation	noun	8549	C1
ethanol	noun	8550	C1
forcibly	adv	8551	C1
garland	noun	8552	C1
globalization	noun	8553	C1
graphical	adj	8554	C1
groundbreaking	adj	8555	C1
holiness	noun	8556	C1
immoral	adj	8557	C1
inefficient	adj	8558	C1
instrumentation	noun	8559	C1
intolerance	noun	8560	C1
ketchup	noun	8561	C1
leukemia	noun	8562	C1
manpower	noun	8563	C1
mitigation	noun	8564	C1
obscene	adj	8565	C1
octopus	noun	8566	C1
onward	adv	8567	C1
opium	noun	8568	C1
ovarian	adj	8569	C1
penal	adj	8570	C1
plight	noun	8571	C1
propulsion	noun	8572	C1
rejoice	verb	8573	C1
sesame	noun	8574	C1
snowy	adj	8575	C1
spectral	adj	8576	C1
stormy	adj	8577	C1
subcommittee	noun	8578	C1
suffice	verb	8579	C1
swine	noun	8580	C1
symbolism	noun	8581	C1
underworld	noun	8582	C1
vertically	adv	8583	C1
vigorous	adj	8584	C1
wrongly	adv	8585	C1
eyeball	noun	8586	C1
radiator	noun	8587	C1
sculptor	noun	8588	C1
drape	verb	8589	C1
categorize	verb	8590	C1
fireman	noun	8591	C1
computation	noun	8592	C1
landfill	noun	8593	C1
brothel	noun	8594	C1
entrant	noun	8595	C1
spaceship	noun	8596	C1
covet	verb	8597	C1
alligator	noun	8598	C1
taunt	verb	8599	C1
jug	noun	8600	C1
teaspoon	noun	8601	C1
sensibility	noun	8602	C1
elongate	verb	8603	C1
lipid	noun	8604	C1
mediator	noun	8605	C1
rework	verb	8606	C1
competency	noun	8607	C1
bolster	verb	8608	C1
bungalow	noun	8609	C1
latch	noun	8610	C1
slur	noun	8611	C1
tributary	noun	8612	C1
spore	noun	8613	C1
alcoholism	noun	8614	C1
atheism	noun	8615	C1
audible	adj	8616	C1
bathtub	noun	8617	C1
beep	verb	8618	C1
bitterness	noun	8619	C1
blatant	adj	8620	C1
boon	noun	8621	C1
bunk	noun	8622	C1
candid	adj	8623	C1
cervical	adj	8624	C1
checklist	noun	8625	C1
competitiveness	noun	8626	C1
confederation	noun	8627	C1
confidentiality	noun	8628	C1
coronation	noun	8629	C1
cunning	adj	8630	C1
deplete	verb	8631	C1
diaspora	noun	8632	C1
digitally	adv	8633	C1
discord	noun	8634	C1
divinity	noun	8635	C1
dorsal	adj	8636	C1
durability	noun	8637	C1
empress	noun	8638	C1
festivity	noun	8639	C1
gong	noun	8640	C1
greasy	adj	8641	C1
heed	verb	8642	C1
hideous	adj	8643	C1
homepage	noun	8644	C1
imaginative	adj	8645	C1
imperfect	adj	8646	C1
implicit	adj	8647	C1
inlet	noun	8648	C1
insensitive	adj	8649	C1
keystone	noun	8650	C1
kudos	noun	8651	C1
liquidity	noun	8652	C1
lotion	noun	8653	C1
mayhem	noun	8654	C1
mistakenly	adv	8655	C1
neuroscience	noun	8656	C1
nostalgic	adj	8657	C1
oppressive	adj	8658	C1
patronage	noun	8659	C1
pinnacle	noun	8660	C1
quake	noun	8661	C1
qualitative	adj	8662	C1
radial	adj	8663	C1
recap	noun	8664	C1
recognizable	adj	8665	C1
reconnaissance	noun	8666	C1
reluctantly	adv	8667	C1
rendition	noun	8668	C1
roadside	noun	8669	C1
scientifically	adv	8670	C1
secretariat	noun	8671	C1
shaky	adj	8672	C1
sham	noun	8673	C1
shortcoming	noun	8674	C1
stalker	noun	8675	C1
stature	noun	8676	C1
stout	adj	8677	C1
strategically	adv	8678	C1
tentative	adj	8679	C1
topical	adj	8680	C1
uneasy	adj	8681	C1
variance	noun	8682	C1
abnormality	noun	8683	C1
finalize	verb	8684	C1
tinker	verb	8685	C1
clinician	noun	8686	C1
bulge	noun	8687	C1
grate	noun	8688	C1
generalization	noun	8689	C1
handcuff	noun	8690	C1
horseman	noun	8691	C1
underline	verb	8692	C1
kayak	noun	8693	C1
harmonic	adj	8694	C1
hamster	noun	8695	C1
vigilante	noun	8696	C1
dangle	verb	8697	C1
binder	noun	8698	C1
whim	noun	8699	C1
shipyard	noun	8700	C1
vulture	noun	8701	C1
decode	verb	8702	C1
transistor	noun	8703	C1
sculpt	verb	8704	C1
cheater	noun	8705	C1
canine	adj	8706	C1
silhouette	noun	8707	C1
spreadsheet	noun	8708	C1
enslave	verb	8709	C1
meek	adj	8710	C1
stifle	verb	8711	C1
infer	verb	8712	C1
gambler	noun	8713	C1
kilogram	noun	8714	C1
skew	verb	8715	C1
acquit	verb	8716	C1
artificially	adv	8717	C1
blindness	noun	8718	C1
brightly	adv	8719	C1
cafeteria	noun	8720	C1
ceramics	noun	8721	C1
clumsy	adj	8722	C1
deprivation	noun	8723	C1
duly	adv	8724	C1
dusk	noun	8725	C1
environmentally	adv	8726	C1
everlasting	adj	8727	C1
feasibility	noun	8728	C1
federally	adv	8729	C1
fulfillment	noun	8730	C1
godfather	noun	8731	C1
hospitalize	verb	8732	C1
inadvertently	adv	8733	C1
indifferent	adj	8734	C1
insistence	noun	8735	C1
invariably	adv	8736	C1
invincible	adj	8737	C1
jubilee	noun	8738	C1
kinetic	adj	8739	C1
lavender	noun	8740	C1
lemonade	noun	8741	C1
mania	noun	8742	C1
medically	adv	8743	C1
mule	noun	8744	C1
mythical	adj	8745	C1
orderly	adj	8746	C1
outset	noun	8747	C1
paralyze	verb	8748	C1
patio	noun	8749	C1
peacock	noun	8750	C1
powerhouse	noun	8751	C1
preferable	adj	8752	C1
preparatory	adj	8753	C1
prism	noun	8754	C1
proclamation	noun	8755	C1
provocative	adj	8756	C1
purposely	adv	8757	C1
redevelopment	noun	8758	C1
rematch	noun	8759	C1
renal	adj	8760	C1
rubble	noun	8761	C1
sapphire	noun	8762	C1
soluble	adj	8763	C1
squid	noun	8764	C1
sturdy	adj	8765	C1
trolley	noun	8766	C1
undocumented	adj	8767	C1
viability	noun	8768	C1
yearbook	noun	8769	C1
supremacist	noun	8770	C1
impede	verb	8771	C1
disseminate	verb	8772	C1
discern	verb	8773	C1
juggle	verb	8774	C1
cockroach	noun	8775	C1
loathe	verb	8776	C1
tote	noun	8777	C1
dismay	noun	8778	C1
elector	noun	8779	C1
accomplice	noun	8780	C1
configure	verb	8781	C1
isotope	noun	8782	C1
laborer	noun	8783	C1
conjure	verb	8784	C1
grinder	noun	8785	C1
miscarriage	noun	8786	C1
hanger	noun	8787	C1
comma	noun	8788	C1
chariot	noun	8789	C1
meddle	verb	8790	C1
racket	noun	8791	C1
demonstrator	noun	8792	C1
backer	noun	8793	C1
peso	noun	8794	C1
reformer	noun	8795	C1
raccoon	noun	8796	C1
snag	verb	8797	C1
abbot	noun	8798	C1
abduction	noun	8799	C1
ancestral	adj	8800	C1
apocalyptic	adj	8801	C1
autistic	adj	8802	C1
bleak	adj	8803	C1
blender	noun	8804	C1
bogus	adj	8805	C1
chlorine	noun	8806	C1
chubby	adj	8807	C1
collusion	noun	8808	C1
contractual	adj	8809	C1
coroner	noun	8810	C1
correctional	adj	8811	C1
creamy	adj	8812	C1
deterioration	noun	8813	C1
disbelief	noun	8814	C1
discreet	adj	8815	C1
dizzy	adj	8816	C1
expressive	adj	8817	C1
glossy	adj	8818	C1
homelessness	noun	8819	C1
horrendous	adj	8820	C1
illegitimate	adj	8821	C1
illicit	adj	8822	C1
incompetence	noun	8823	C1
insomnia	noun	8824	C1
karaoke	noun	8825	C1
linguistics	noun	8826	C1
logically	adv	8827	C1
lyrical	adj	8828	C1
mildly	adv	8829	C1
miraculous	adj	8830	C1
mundane	adj	8831	C1
nutshell	noun	8832	C1
obsessive	adj	8833	C1
overboard	adv	8834	C1
petite	adj	8835	C1
posterior	adj	8836	C1
proficiency	noun	8837	C1
psychotic	adj	8838	C1
relegation	noun	8839	C1
repertoire	noun	8840	C1
rumble	noun	8841	C1
saloon	noun	8842	C1
shack	noun	8843	C1
stale	adj	8844	C1
sterile	adj	8845	C1
stringent	adj	8846	C1
sulfur	noun	8847	C1
trough	noun	8848	C1
tummy	noun	8849	C1
unjust	adj	8850	C1
upbringing	noun	8851	C1
wager	noun	8852	C1
burrito	noun	8853	C1
barb	noun	8854	C1
hallucination	noun	8855	C1
deduct	verb	8856	C1
quarrel	verb	8857	C1
gust	noun	8858	C1
impeach	verb	8859	C1
quantify	verb	8860	C1
yearn	verb	8861	C1
darken	verb	8862	C1
hoe	noun	8863	C1
evaporate	verb	8864	C1
redirect	verb	8865	C1
collectible	noun	8866	C1
trespass	verb	8867	C1
forage	verb	8868	C1
manifold	adj	8869	C1
nip	verb	8870	C1
snort	verb	8871	C1
overpower	verb	8872	C1
commune	noun	8873	C1
pelican	noun	8874	C1
puncture	verb	8875	C1
prerequisite	noun	8876	C1
extinguish	verb	8877	C1
viper	noun	8878	C1
elective	adj	8879	C1
puddle	noun	8880	C1
acrylic	noun	8881	C1
anchorage	noun	8882	C1
annexation	noun	8883	C1
ascent	noun	8884	C1
bigotry	noun	8885	C1
biotechnology	noun	8886	C1
broom	noun	8887	C1
brute	noun	8888	C1
chiefly	adv	8889	C1
childbirth	noun	8890	C1
compliant	adj	8891	C1
conservatism	noun	8892	C1
continuum	noun	8893	C1
cowardly	adj	8894	C1
densely	adv	8895	C1
devoid	adj	8896	C1
elegance	noun	8897	C1
extraordinarily	adv	8898	C1
farmhouse	noun	8899	C1
footwear	noun	8900	C1
helium	noun	8901	C1
hemp	noun	8902	C1
inverse	adj	8903	C1
irritation	noun	8904	C1
lavish	adj	8905	C1
miscellaneous	adj	8906	C1
nylon	noun	8907	C1
ozone	noun	8908	C1
paranoia	noun	8909	C1
phosphate	noun	8910	C1
plurality	noun	8911	C1
prehistoric	adj	8912	C1
reluctance	noun	8913	C1
replication	noun	8914	C1
solitude	noun	8915	C1
spacing	noun	8916	C1
standby	noun	8917	C1
triangular	adj	8918	C1
truthful	adj	8919	C1
ubiquitous	adj	8920	C1
unbelievably	adv	8921	C1
unconventional	adj	8922	C1
unnecessarily	adv	8923	C1
unnoticed	adj	8924	C1
untouched	adj	8925	C1
visionary	noun	8926	C1
voodoo	noun	8927	C1
witchcraft	noun	8928	C1
sag	verb	8929	C1
deliberation	noun	8930	C1
syringe	noun	8931	C1
shortlist	noun	8932	C1
scour	verb	8933	C1
ailment	noun	8934	C1
suffocate	verb	8935	C1
sinus	noun	8936	C1
margarita	noun	8937	C1
doodle	noun	8938	C1
synthesize	verb	8939	C1
modernize	verb	8940	C1
gladiator	noun	8941	C1
rejoin	verb	8942	C1
imperfection	noun	8943	C1
ingest	verb	8944	C1
regenerate	verb	8945	C1
monologue	noun	8946	C1
simmer	verb	8947	C1
bagel	noun	8948	C1
bigot	noun	8949	C1
meteorite	noun	8950	C1
adultery	noun	8951	C1
agile	adj	8952	C1
anonymously	adv	8953	C1
austerity	noun	8954	C1
awfully	adv	8955	C1
candidacy	noun	8956	C1
clubhouse	noun	8957	C1
coarse	adj	8958	C1
collegiate	adj	8959	C1
commonplace	adj	8960	C1
confidently	adv	8961	C1
coronary	noun	8962	C1
directorate	noun	8963	C1
dormant	adj	8964	C1
endow	verb	8965	C1
evasion	noun	8966	C1
evergreen	noun	8967	C1
eviction	noun	8968	C1
expulsion	noun	8969	C1
filth	noun	8970	C1
foliage	noun	8971	C1
fortnight	noun	8972	C1
genie	noun	8973	C1
heartbroken	adj	8974	C1
hesitant	adj	8975	C1
hypertension	noun	8976	C1
immortality	noun	8977	C1
indefinite	adj	8978	C1
insightful	adj	8979	C1
irrespective	adv	8980	C1
ledge	noun	8981	C1
malt	noun	8982	C1
mindfulness	noun	8983	C1
monstrous	adj	8984	C1
morphology	noun	8985	C1
mustache	noun	8986	C1
parity	noun	8987	C1
persuasive	adj	8988	C1
populous	adj	8989	C1
postwar	adj	8990	C1
proactive	adj	8991	C1
prominently	adv	8992	C1
prudent	adj	8993	C1
reliant	adj	8994	C1
reputable	adj	8995	C1
rink	noun	8996	C1
solemn	adj	8997	C1
spacious	adj	8998	C1
substantive	adj	8999	C1
torso	noun	9000	C1
tremendously	adv	9001	C1
unpublished	adj	9002	C1
untrue	adj	9003	C1
verbally	adv	9004	C1
vitality	noun	9005	C1
windshield	noun	9006	C1
zodiac	noun	9007	C1
napkin	noun	9008	C1
ascertain	verb	9009	C1
magnify	verb	9010	C1
thwart	verb	9011	C1
abstraction	noun	9012	C1
avert	verb	9013	C1
refute	verb	9014	C1
tabloid	noun	9015	C1
behead	verb	9016	C1
renounce	verb	9017	C1
beak	noun	9018	C1
boar	noun	9019	C1
coo	verb	9020	C1
latte	noun	9021	C1
repel	verb	9022	C1
wane	verb	9023	C1
navigator	noun	9024	C1
fray	verb	9025	C1
vertex	noun	9026	C1
chime	noun	9027	C1
sabre	noun	9028	C1
sprawl	verb	9029	C1
regimen	noun	9030	C1
wearable	adj	9031	C1
allot	verb	9032	C1
forearm	noun	9033	C1
recital	noun	9034	C1
splinter	noun	9035	C1
loyalist	noun	9036	C1
abandonment	noun	9037	C1
abyss	noun	9038	C1
accession	noun	9039	C1
arithmetic	noun	9040	C1
arson	noun	9041	C1
authoritative	adj	9042	C1
barren	adj	9043	C1
bourgeois	adj	9044	C1
bribery	noun	9045	C1
brunette	noun	9046	C1
bureaucratic	adj	9047	C1
buzzer	noun	9048	C1
childcare	noun	9049	C1
chronological	adj	9050	C1
condense	verb	9051	C1
diffusion	noun	9052	C1
distrust	verb	9053	C1
entrepreneurial	adj	9054	C1
ether	noun	9055	C1
etiquette	noun	9056	C1
extravagant	adj	9057	C1
familiarity	noun	9058	C1
fetal	adj	9059	C1
fiance	noun	9060	C1
harp	noun	9061	C1
heartfelt	adj	9062	C1
incorporation	noun	9063	C1
joyful	adj	9064	C1
kickoff	noun	9065	C1
lacrosse	noun	9066	C1
latex	noun	9067	C1
legalization	noun	9068	C1
localize	verb	9069	C1
mammoth	adj	9070	C1
matchup	noun	9071	C1
modem	noun	9072	C1
ominous	adj	9073	C1
openness	noun	9074	C1
overhear	verb	9075	C1
oversize	adj	9076	C1
papal	adj	9077	C1
playable	adj	9078	C1
posh	adj	9079	C1
principally	adv	9080	C1
professionalism	noun	9081	C1
rampage	noun	9082	C1
rebirth	noun	9083	C1
recharge	verb	9084	C1
reliably	adv	9085	C1
retina	noun	9086	C1
semantic	adj	9087	C1
sherry	noun	9088	C1
silicone	noun	9089	C1
skepticism	noun	9090	C1
sly	adj	9091	C1
smiley	noun	9092	C1
strife	noun	9093	C1
tenor	noun	9094	C1
thrift	noun	9095	C1
turnaround	noun	9096	C1
uterus	noun	9097	C1
electrician	noun	9098	C1
fret	verb	9099	C1
unpack	verb	9100	C1
captivate	verb	9101	C1
churn	verb	9102	C1
incense	noun	9103	C1
carcass	noun	9104	C1
clutter	noun	9105	C1
countryman	noun	9106	C1
anthropologist	noun	9107	C1
combatant	noun	9108	C1
exacerbate	verb	9109	C1
bridesmaid	noun	9110	C1
derail	verb	9111	C1
dissident	noun	9112	C1
marshmallow	noun	9113	C1
repress	verb	9114	C1
capacitor	noun	9115	C1
abbreviation	noun	9116	C1
newbie	noun	9117	C1
rearrange	verb	9118	C1
eyelid	noun	9119	C1
snippet	noun	9120	C1
allure	noun	9121	C1
shroud	verb	9122	C1
seaman	noun	9123	C1
anesthesia	noun	9124	C1
anonymity	noun	9125	C1
barefoot	adj	9126	C1
barrage	noun	9127	C1
brilliance	noun	9128	C1
broth	noun	9129	C1
chloride	noun	9130	C1
clinically	adv	9131	C1
cocky	adj	9132	C1
cornerstone	noun	9133	C1
correctness	noun	9134	C1
counterfeit	noun	9135	C1
dentistry	noun	9136	C1
edgy	adj	9137	C1
encore	noun	9138	C1
enormously	adv	9139	C1
espresso	noun	9140	C1
freaky	adj	9141	C1
futile	adj	9142	C1
glacial	adj	9143	C1
gloomy	adj	9144	C1
graceful	adj	9145	C1
gritty	adj	9146	C1
heartbreak	noun	9147	C1
heist	noun	9148	C1
heterosexual	adj	9149	C1
horseback	noun	9150	C1
hospice	noun	9151	C1
interdisciplinary	adj	9152	C1
intermittent	adj	9153	C1
intimidation	noun	9154	C1
maxim	noun	9155	C1
melancholy	noun	9156	C1
meteorological	adj	9157	C1
misplace	verb	9158	C1
misty	adj	9159	C1
multicultural	adj	9160	C1
negligible	adj	9161	C1
nudity	noun	9162	C1
obligatory	adj	9163	C1
oceanic	adj	9164	C1
oxidation	noun	9165	C1
panorama	noun	9166	C1
pervasive	adj	9167	C1
predatory	adj	9168	C1
preface	noun	9169	C1
punitive	adj	9170	C1
reborn	adj	9171	C1
reddish	adj	9172	C1
refurbish	verb	9173	C1
repercussion	noun	9174	C1
rhythmic	adj	9175	C1
roulette	noun	9176	C1
satin	noun	9177	C1
segregate	verb	9178	C1
semantics	noun	9179	C1
shameless	adj	9180	C1
skeletal	adj	9181	C1
spherical	adj	9182	C1
spruce	noun	9183	C1
stamina	noun	9184	C1
subconscious	adj	9185	C1
tonic	noun	9186	C1
troublesome	adj	9187	C1
utopia	noun	9188	C1
vigorously	adv	9189	C1
visibly	adv	9190	C1
antigen	noun	9191	C1
orb	noun	9192	C1
millimeter	noun	9193	C1
spar	verb	9194	C1
snowboard	noun	9195	C1
remand	verb	9196	C1
relive	verb	9197	C1
reinvent	verb	9198	C1
exclaim	verb	9199	C1
foresee	verb	9200	C1
intermediary	noun	9201	C1
sportsman	noun	9202	C1
strategist	noun	9203	C1
tortoise	noun	9204	C1
oust	verb	9205	C1
recapture	verb	9206	C1
trot	verb	9207	C1
dredge	verb	9208	C1
monograph	noun	9209	C1
outburst	noun	9210	C1
felon	noun	9211	C1
inference	noun	9212	C1
tulip	noun	9213	C1
raisin	noun	9214	C1
synergy	noun	9215	C1
bustle	verb	9216	C1
devotee	noun	9217	C1
sacrament	noun	9218	C1
abrupt	adj	9219	C1
adversity	noun	9220	C1
affidavit	noun	9221	C1
astrology	noun	9222	C1
biographical	adj	9223	C1
biomass	noun	9224	C1
blouse	noun	9225	C1
botany	noun	9226	C1
defamation	noun	9227	C1
directional	adj	9228	C1
divergent	adj	9229	C1
doctorate	noun	9230	C1
downright	adv	9231	C1
encoding	noun	9232	C1
exemplary	adj	9233	C1
expansive	adj	9234	C1
hearty	adj	9235	C1
hysteria	noun	9236	C1
impartial	adj	9237	C1
imperialism	noun	9238	C1
incremental	adj	9239	C1
infancy	noun	9240	C1
inscribe	verb	9241	C1
jumbo	adj	9242	C1
kale	noun	9243	C1
manageable	adj	9244	C1
manslaughter	noun	9245	C1
mountainous	adj	9246	C1
obnoxious	adj	9247	C1
orphanage	noun	9248	C1
plainly	adv	9249	C1
retribution	noun	9250	C1
rhetorical	adj	9251	C1
rightful	adj	9252	C1
semen	noun	9253	C1
sixteenth	adj	9254	C1
slime	noun	9255	C1
suffrage	noun	9256	C1
synopsis	noun	9257	C1
toothbrush	noun	9258	C1
uphill	adv	9259	C1
variability	noun	9260	C1
waltz	noun	9261	C1
snore	verb	9262	C1
renegade	noun	9263	C1
separatist	noun	9264	C1
twig	noun	9265	C1
poach	verb	9266	C1
backfire	verb	9267	C1
estuary	noun	9268	C1
excavate	verb	9269	C1
chandelier	noun	9270	C1
plume	noun	9271	C1
thump	verb	9272	C1
scorch	verb	9273	C1
domino	noun	9274	C1
hotspot	noun	9275	C1
gibbon	noun	9276	C1
rectangle	noun	9277	C1
tapestry	noun	9278	C1
underscore	verb	9279	C1
cull	verb	9280	C1
trickle	verb	9281	C1
overcrowd	verb	9282	C1
mite	noun	9283	C1
publicize	verb	9284	C1
affluent	adj	9285	C1
ambiguity	noun	9286	C1
anguish	noun	9287	C1
annals	noun	9288	C1
antitrust	adj	9289	C1
arid	adj	9290	C1
bazaar	noun	9291	C1
bipartisan	adj	9292	C1
birthplace	noun	9293	C1
brokerage	noun	9294	C1
buildup	noun	9295	C1
cobalt	noun	9296	C1
colossal	adj	9297	C1
crispy	adj	9298	C1
curfew	noun	9299	C1
decidedly	adv	9300	C1
depreciation	noun	9301	C1
discontent	noun	9302	C1
dopamine	noun	9303	C1
eclectic	adj	9304	C1
ecstatic	adj	9305	C1
endemic	adj	9306	C1
fluorescent	adj	9307	C1
futuristic	adj	9308	C1
haste	noun	9309	C1
identifiable	adj	9310	C1
illiterate	adj	9311	C1
immaculate	adj	9312	C1
infest	verb	9313	C1
interpersonal	adj	9314	C1
interracial	adj	9315	C1
inward	adj	9316	C1
legality	noun	9317	C1
lifespan	noun	9318	C1
longitudinal	adj	9319	C1
masculinity	noun	9320	C1
microscopic	adj	9321	C1
midday	noun	9322	C1
morphine	noun	9323	C1
motherhood	noun	9324	C1
murderous	adj	9325	C1
nirvana	noun	9326	C1
nonstop	adj	9327	C1
notoriously	adv	9328	C1
oatmeal	noun	9329	C1
opaque	adj	9330	C1
pelvic	adj	9331	C1
percussion	noun	9332	C1
populist	noun	9333	C1
porous	adj	9334	C1
predictive	adj	9335	C1
racially	adv	9336	C1
registrar	noun	9337	C1
rustic	adj	9338	C1
sanitary	adj	9339	C1
saturation	noun	9340	C1
scarcity	noun	9341	C1
sizable	adj	9342	C1
spartan	adj	9343	C1
toothpaste	noun	9344	C1
transient	adj	9345	C1
triumphant	adj	9346	C1
unborn	adj	9347	C1
undisclosed	adj	9348	C1
unheard	adj	9349	C1
vicar	noun	9350	C1
wretched	adj	9351	C1
affirmation	noun	9352	C1
contraceptive	noun	9353	C1
scaffold	noun	9354	C1
ramble	verb	9355	C1
blight	noun	9356	C1
terrier	noun	9357	C1
meatball	noun	9358	C1
blacklist	noun	9359	C1
carton	noun	9360	C1
gimmick	noun	9361	C1
veterinarian	noun	9362	C1
carbonate	noun	9363	C1
handout	noun	9364	C1
theologian	noun	9365	C1
ovary	noun	9366	C1
strut	verb	9367	C1
superstition	noun	9368	C1
growl	verb	9369	C1
rectify	verb	9370	C1
tantrum	noun	9371	C1
battleship	noun	9372	C1
ulcer	noun	9373	C1
nozzle	noun	9374	C1
assimilate	verb	9375	C1
beet	noun	9376	C1
antidepressant	noun	9377	C1
wrapper	noun	9378	C1
relinquish	verb	9379	C1
adolescence	noun	9380	C1
afterlife	noun	9381	C1
ammonia	noun	9382	C1
analogous	adj	9383	C1
apron	noun	9384	C1
archaic	adj	9385	C1
attribution	noun	9386	C1
biochemistry	noun	9387	C1
centennial	noun	9388	C1
clover	noun	9389	C1
colonization	noun	9390	C1
cosmopolitan	adj	9391	C1
deductible	adj	9392	C1
diagonal	adj	9393	C1
dresser	noun	9394	C1
dysfunctional	adj	9395	C1
equitable	adj	9396	C1
estrogen	noun	9397	C1
feudal	adj	9398	C1
fleece	noun	9399	C1
fodder	noun	9400	C1
gourmet	noun	9401	C1
handheld	adj	9402	C1
handshake	noun	9403	C1
hefty	adj	9404	C1
herbal	adj	9405	C1
idiotic	adj	9406	C1
incarceration	noun	9407	C1
incest	noun	9408	C1
insertion	noun	9409	C1
lattice	noun	9410	C1
legitimately	adv	9411	C1
magically	adv	9412	C1
mastermind	noun	9413	C1
materially	adv	9414	C1
metadata	noun	9415	C1
mischief	noun	9416	C1
modernization	noun	9417	C1
noticeably	adv	9418	C1
occupancy	noun	9419	C1
oncology	noun	9420	C1
overrun	verb	9421	C1
pathological	adj	9422	C1
pertinent	adj	9423	C1
plentiful	adj	9424	C1
rarity	noun	9425	C1
rebellious	adj	9426	C1
satirical	adj	9427	C1
sensual	adj	9428	C1
sparse	adj	9429	C1
suction	noun	9430	C1
supplementary	adj	9431	C1
temperament	noun	9432	C1
thirteenth	adj	9433	C1
unattractive	adj	9434	C1
unbeaten	adj	9435	C1
understatement	noun	9436	C1
undesirable	adj	9437	C1
unfairly	adv	9438	C1
unification	noun	9439	C1
wastewater	noun	9440	C1
weaponry	noun	9441	C1
webpage	noun	9442	C1
caricature	noun	9443	C1
unravel	verb	9444	C1
refill	verb	9445	C1
transcend	verb	9446	C1
trope	noun	9447	C1
negotiator	noun	9448	C1
enclave	noun	9449	C1
redo	verb	9450	C1
detonate	verb	9451	C1
hoist	verb	9452	C1
slant	noun	9453	C1
yawn	verb	9454	C1
reimburse	verb	9455	C1
formality	noun	9456	C1
shaman	noun	9457	C1
quirk	noun	9458	C1
condominium	noun	9459	C1
vial	noun	9460	C1
forsake	verb	9461	C1
whistleblower	noun	9462	C1
pallet	noun	9463	C1
scold	verb	9464	C1
huddle	verb	9465	C1
squirt	verb	9466	C1
rancher	noun	9467	C1
cheetah	noun	9468	C1
grunt	verb	9469	C1
raffle	noun	9470	C1
scammer	noun	9471	C1
afar	adv	9472	C1
affectionate	adj	9473	C1
agitate	verb	9474	C1
authentication	noun	9475	C1
azure	noun	9476	C1
bedside	noun	9477	C1
besiege	verb	9478	C1
bonnet	noun	9479	C1
catfish	noun	9480	C1
clerical	adj	9481	C1
collage	noun	9482	C1
colonist	noun	9483	C1
complimentary	adj	9484	C1
conjecture	noun	9485	C1
conspicuous	adj	9486	C1
continual	adj	9487	C1
crackdown	noun	9488	C1
deli	noun	9489	C1
enamel	noun	9490	C1
exceedingly	adv	9491	C1
excessively	adv	9492	C1
farmland	noun	9493	C1
fiercely	adv	9494	C1
fourteenth	adj	9495	C1
genealogy	noun	9496	C1
geographically	adv	9497	C1
goggles	noun	9498	C1
grammatical	adj	9499	C1
graphite	noun	9500	C1
heresy	noun	9501	C1
herpes	noun	9502	C1
hipster	noun	9503	C1
hostess	noun	9504	C1
iceberg	noun	9505	C1
illumination	noun	9506	C1
impoverish	verb	9507	C1
improperly	adv	9508	C1
ingenious	adj	9509	C1
inquisition	noun	9510	C1
masonry	noun	9511	C1
mechanically	adv	9512	C1
oily	adj	9513	C1
ostensibly	adv	9514	C1
outspoken	adj	9515	C1
palate	noun	9516	C1
pedestal	noun	9517	C1
pedigree	noun	9518	C1
phony	adj	9519	C1
pinpoint	verb	9520	C1
pleasantly	adv	9521	C1
prowess	noun	9522	C1
psychologically	adv	9523	C1
reimbursement	noun	9524	C1
repent	verb	9525	C1
saliva	noun	9526	C1
senseless	adj	9527	C1
seventeenth	adj	9528	C1
takeoff	noun	9529	C1
taxable	adj	9530	C1
treadmill	noun	9531	C1
unavoidable	adj	9532	C1
unilateral	adj	9533	C1
watermelon	noun	9534	C1
westward	adv	9535	C1
flicker	verb	9536	C1
maniac	noun	9537	C1
barricade	noun	9538	C1
tenet	noun	9539	C1
increment	noun	9540	C1
conqueror	noun	9541	C1
fallacy	noun	9542	C1
ferment	verb	9543	C1
leech	noun	9544	C1
pensioner	noun	9545	C1
hydrocarbon	noun	9546	C1
drool	verb	9547	C1
rouse	verb	9548	C1
vertebra	noun	9549	C1
lifeboat	noun	9550	C1
soybean	noun	9551	C1
bureaucrat	noun	9552	C1
windmill	noun	9553	C1
solder	verb	9554	C1
innovator	noun	9555	C1
sweatshirt	noun	9556	C1
retract	verb	9557	C1
accrue	verb	9558	C1
deactivate	verb	9559	C1
gleam	verb	9560	C1
warlord	noun	9561	C1
testicle	noun	9562	C1
disapprove	verb	9563	C1
profess	verb	9564	C1
acidic	adj	9565	C1
adherence	noun	9566	C1
adjourn	verb	9567	C1
amnesia	noun	9568	C1
angrily	adv	9569	C1
appellate	adj	9570	C1
ascension	noun	9571	C1
aspirin	noun	9572	C1
benevolent	adj	9573	C1
bestseller	noun	9574	C1
bombardment	noun	9575	C1
borderline	adj	9576	C1
calibration	noun	9577	C1
charisma	noun	9578	C1
cognition	noun	9579	C1
cooker	noun	9580	C1
cylindrical	adj	9581	C1
deceptive	adj	9582	C1
devastation	noun	9583	C1
devout	adj	9584	C1
disproportionate	adj	9585	C1
divisive	adj	9586	C1
ebony	noun	9587	C1
embroider	verb	9588	C1
erratic	adj	9589	C1
fiesta	noun	9590	C1
foreseeable	adj	9591	C1
hardwood	noun	9592	C1
hindsight	noun	9593	C1
homophobia	noun	9594	C1
indifference	noun	9595	C1
indispensable	adj	9596	C1
infirmary	noun	9597	C1
insanely	adv	9598	C1
intellectually	adv	9599	C1
interstellar	adj	9600	C1
involuntary	adj	9601	C1
issuance	noun	9602	C1
itchy	adj	9603	C1
junta	noun	9604	C1
libel	noun	9605	C1
likeness	noun	9606	C1
lofty	adj	9607	C1
ludicrous	adj	9608	C1
maize	noun	9609	C1
malice	noun	9610	C1
marginalize	verb	9611	C1
munition	noun	9612	C1
nemesis	noun	9613	C1
originality	noun	9614	C1
ornamental	adj	9615	C1
pancreatic	adj	9616	C1
parlor	noun	9617	C1
perseverance	noun	9618	C1
picky	adj	9619	C1
populace	noun	9620	C1
pricey	adj	9621	C1
propagation	noun	9622	C1
psychedelic	adj	9623	C1
randomize	verb	9624	C1
rector	noun	9625	C1
regal	adj	9626	C1
relativity	noun	9627	C1
sheen	noun	9628	C1
sincerity	noun	9629	C1
sinful	adj	9630	C1
slander	noun	9631	C1
sleek	adj	9632	C1
socioeconomic	adj	9633	C1
spontaneously	adv	9634	C1
sturgeon	noun	9635	C1
syllabus	noun	9636	C1
textual	adj	9637	C1
unaffected	adj	9638	C1
undeniable	adj	9639	C1
vigilant	adj	9640	C1
visitation	noun	9641	C1
worldly	adj	9642	C1
exemplify	verb	9643	C1
unplug	verb	9644	C1
quarterfinal	noun	9645	C1
compost	noun	9646	C1
skit	noun	9647	C1
smuggler	noun	9648	C1
dissect	verb	9649	C1
identifier	noun	9650	C1
blunder	noun	9651	C1
gnome	noun	9652	C1
boa	noun	9653	C1
cavern	noun	9654	C1
shingle	noun	9655	C1
mutter	verb	9656	C1
disband	verb	9657	C1
fundamentalist	noun	9658	C1
necessitate	verb	9659	C1
sprinter	noun	9660	C1
plunder	noun	9661	C1
stutter	verb	9662	C1
nourish	verb	9663	C1
lengthen	verb	9664	C1
crayon	noun	9665	C1
accolade	noun	9666	C1
adept	adj	9667	C1
advantageous	adj	9668	C1
afloat	adj	9669	C1
agility	noun	9670	C1
annoyance	noun	9671	C1
archipelago	noun	9672	C1
bloat	verb	9673	C1
bonfire	noun	9674	C1
causal	adj	9675	C1
centrally	adv	9676	C1
citadel	noun	9677	C1
colonialism	noun	9678	C1
dashboard	noun	9679	C1
deficient	adj	9680	C1
degenerate	verb	9681	C1
demonic	adj	9682	C1
deterrent	noun	9683	C1
disdain	verb	9684	C1
disgraceful	adj	9685	C1
eerie	adj	9686	C1
enrage	verb	9687	C1
exponential	adj	9688	C1
farce	noun	9689	C1
fatally	adv	9690	C1
frantic	adj	9691	C1
grossly	adv	9692	C1
handwritten	adj	9693	C1
heartless	adj	9694	C1
hectic	adj	9695	C1
holistic	adj	9696	C1
hormonal	adj	9697	C1
intrusive	adj	9698	C1
joyous	adj	9699	C1
kiwi	noun	9700	C1
limo	noun	9701	C1
lunchtime	noun	9702	C1
malignant	adj	9703	C1
mane	noun	9704	C1
mascara	noun	9705	C1
matchmaking	noun	9706	C1
measles	noun	9707	C1
microbial	adj	9708	C1
molten	adj	9709	C1
monsoon	noun	9710	C1
montage	noun	9711	C1
negligent	adj	9712	C1
passionately	adv	9713	C1
persuasion	noun	9714	C1
plaid	noun	9715	C1
playback	noun	9716	C1
plush	adj	9717	C1
positivity	noun	9718	C1
precedence	noun	9719	C1
pristine	adj	9720	C1
prognosis	noun	9721	C1
realistically	adv	9722	C1
reorganization	noun	9723	C1
retrieval	noun	9724	C1
saline	noun	9725	C1
scarcely	adv	9726	C1
shipbuilding	noun	9727	C1
smoky	adj	9728	C1
spay	verb	9729	C1
temperate	adj	9730	C1
thematic	adj	9731	C1
toaster	noun	9732	C1
turquoise	noun	9733	C1
ultraviolet	noun	9734	C1
unbiased	adj	9735	C1
uncanny	adj	9736	C1
ungrateful	adj	9737	C1
untreated	adj	9738	C1
usefulness	noun	9739	C1
vandalism	noun	9740	C1
voyager	noun	9741	C1
wrongful	adj	9742	C1
walkway	noun	9743	C1
cyst	noun	9744	C1
delicacy	noun	9745	C1
curtail	verb	9746	C1
electrolyte	noun	9747	C1
nomad	noun	9748	C1
flutter	verb	9749	C1
solidify	verb	9750	C1
daze	noun	9751	C1
heretic	noun	9752	C1
shard	noun	9753	C1
canister	noun	9754	C1
consonant	noun	9755	C1
filament	noun	9756	C1
reschedule	verb	9757	C1
bystander	noun	9758	C1
warhead	noun	9759	C1
subgroup	noun	9760	C1
crutch	noun	9761	C1
connotation	noun	9762	C1
calibrate	verb	9763	C1
cranberry	noun	9764	C1
emigrate	verb	9765	C1
debtor	noun	9766	C1
importer	noun	9767	C1
cliche	noun	9768	C1
scorn	noun	9769	C1
approximation	noun	9770	C1
aromatic	adj	9771	C1
baroque	adj	9772	C1
blindly	adv	9773	C1
canonical	adj	9774	C1
cautiously	adv	9775	C1
celery	noun	9776	C1
dab	verb	9777	C1
dissatisfaction	noun	9778	C1
earthly	adj	9779	C1
escalation	noun	9780	C1
ethos	noun	9781	C1
fleeting	adj	9782	C1
foundry	noun	9783	C1
hardcover	noun	9784	C1
inaugurate	verb	9785	C1
intestinal	adj	9786	C1
manic	adj	9787	C1
measurable	adj	9788	C1
mellow	adj	9789	C1
narration	noun	9790	C1
oblivion	noun	9791	C1
outpatient	noun	9792	C1
philanthropy	noun	9793	C1
preparedness	noun	9794	C1
primal	adj	9795	C1
receptive	adj	9796	C1
redundancy	noun	9797	C1
reelection	noun	9798	C1
reindeer	noun	9799	C1
relapse	verb	9800	C1
relish	noun	9801	C1
rendezvous	noun	9802	C1
reversible	adj	9803	C1
selectively	adv	9804	C1
simplistic	adj	9805	C1
skincare	noun	9806	C1
supervisory	adj	9807	C1
treacherous	adj	9808	C1
untold	adj	9809	C1
vaccinate	verb	9810	C1
versatility	noun	9811	C1
visualization	noun	9812	C1
voicemail	noun	9813	C1
linkage	noun	9814	C1
murmur	verb	9815	C1
wail	verb	9816	C1
housemate	noun	9817	C1
expedite	verb	9818	C1
tremor	noun	9819	C1
streamer	noun	9820	C1
firefly	noun	9821	C1
elicit	verb	9822	C1
dissipate	verb	9823	C1
spout	verb	9824	C1
concur	verb	9825	C1
dwindle	verb	9826	C1
truffle	noun	9827	C1
naturalist	noun	9828	C1
retiree	noun	9829	C1
thicken	verb	9830	C1
ravage	verb	9831	C1
introvert	noun	9832	C1
mince	verb	9833	C1
screech	verb	9834	C1
dispensary	noun	9835	C1
neutralize	verb	9836	C1
predictor	noun	9837	C1
attributable	adj	9838	C1
bastion	noun	9839	C1
biopsy	noun	9840	C1
chunky	adj	9841	C1
cohesive	adj	9842	C1
contentious	adj	9843	C1
crease	verb	9844	C1
dehydration	noun	9845	C1
digestion	noun	9846	C1
embargo	noun	9847	C1
embodiment	noun	9848	C1
entrench	verb	9849	C1
explanatory	adj	9850	C1
extremism	noun	9851	C1
filtration	noun	9852	C1
fungal	adj	9853	C1
gloom	noun	9854	C1
hypocritical	adj	9855	C1
illustrious	adj	9856	C1
incidental	adj	9857	C1
indigo	noun	9858	C1
insurgency	noun	9859	C1
irregularity	noun	9860	C1
labyrinth	noun	9861	C1
latency	noun	9862	C1
limbo	noun	9863	C1
lousy	adj	9864	C1
mailbox	noun	9865	C1
memorabilia	noun	9866	C1
muzzle	noun	9867	C1
oblivious	adj	9868	C1
ode	noun	9869	C1
overt	adj	9870	C1
patriarch	noun	9871	C1
penthouse	noun	9872	C1
perjury	noun	9873	C1
pious	adj	9874	C1
prematurely	adv	9875	C1
resurgence	noun	9876	C1
scuba	noun	9877	C1
seamless	adj	9878	C1
shoreline	noun	9879	C1
sicken	verb	9880	C1
smug	adj	9881	C1
spectroscopy	noun	9882	C1
stagnant	adj	9883	C1
toughness	noun	9884	C1
unanswered	adj	9885	C1
unethical	adj	9886	C1
urinary	adj	9887	C1
valiant	adj	9888	C1
overheat	verb	9889	C1
renter	noun	9890	C1
prune	verb	9891	C1
environmentalist	noun	9892	C1
gable	noun	9893	C1
caveat	noun	9894	C1
bombard	verb	9895	C1
hairdresser	noun	9896	C1
skirmish	noun	9897	C1
stimulant	noun	9898	C1
auctioneer	noun	9899	C1
coerce	verb	9900	C1
dormitory	noun	9901	C1
eyelash	noun	9902	C1
kennel	noun	9903	C1
assailant	noun	9904	C1
pane	noun	9905	C1
fasten	verb	9906	C1
pathologist	noun	9907	C1
nestle	verb	9908	C1
gull	noun	9909	C1
tortilla	noun	9910	C1
attentive	adj	9911	C1
beige	noun	9912	C1
blasphemy	noun	9913	C1
bran	noun	9914	C1
bulky	adj	9915	C1
cameraman	noun	9916	C1
carnage	noun	9917	C1
conclusive	adj	9918	C1
conservatory	noun	9919	C1
considerate	adj	9920	C1
daycare	noun	9921	C1
depressive	adj	9922	C1
disproportionately	adv	9923	C1
epidemiology	noun	9924	C1
exaggeration	noun	9925	C1
exhaustive	adj	9926	C1
exponentially	adv	9927	C1
externally	adv	9928	C1
fermentation	noun	9929	C1
fiasco	noun	9930	C1
fifteenth	adj	9931	C1
fright	noun	9932	C1
fruitful	adj	9933	C1
gastric	adj	9934	C1
hastily	adv	9935	C1
horizontally	adv	9936	C1
hurtful	adj	9937	C1
inaccessible	adj	9938	C1
inferno	noun	9939	C1
leafy	adj	9940	C1
peat	noun	9941	C1
periphery	noun	9942	C1
predetermine	verb	9943	C1
prelude	noun	9944	C1
prepay	verb	9945	C1
priesthood	noun	9946	C1
punishable	adj	9947	C1
reaper	noun	9948	C1
satanic	adj	9949	C1
sclerosis	noun	9950	C1
selfless	adj	9951	C1
serenity	noun	9952	C1
shading	noun	9953	C1
sonar	noun	9954	C1
stabilization	noun	9955	C1
starch	noun	9956	C1
stony	adj	9957	C1
subtly	adv	9958	C1
unequal	adj	9959	C1
unresolved	adj	9960	C1
unspecified	adj	9961	C1
veg	noun	9962	C1
writ	noun	9963	C1
zipper	noun	9964	C1
reaffirm	verb	9965	C1
bayonet	noun	9966	C1
armament	noun	9967	C1
grassland	noun	9968	C1
clove	noun	9969	C1
issuer	noun	9970	C1
morph	verb	9971	C1
heathen	noun	9972	C1
tingle	verb	9973	C1
delve	verb	9974	C1
infuriate	verb	9975	C1
seagull	noun	9976	C1
sou	noun	9977	C1
sizzle	verb	9978	C1
dribble	verb	9979	C1
hoof	noun	9980	C1
retainer	noun	9981	C1
scribe	verb	9982	C1
restructure	verb	9983	C1
fluctuate	verb	9984	C1
laminate	verb	9985	C1
testimonial	noun	9986	C1
friar	noun	9987	C1
sociologist	noun	9988	C1
transfusion	noun	9989	C1
munch	noun	9990	C1
allotment	noun	9991	C1
devolve	verb	9992	C1
skeptic	noun	9993	C1
bewilder	verb	9994	C1
afflict	verb	9995	C1
airfield	noun	9996	C1
believable	adj	9997	C1
bitterly	adv	9998	C1
bloodshed	noun	9999	C1
grumble	verb	10000	C1
